symbol,window_index,p99_upper,p95_upper,p90_upper,placebo_mean,p90_lower,p95_lower,p99_lower,n,actual_median_price_change
DFII10,-15,0,0,0,0,0,0,0,5000,0
DFII10,-14,0.029999999999999916,0.020000000000000018,0.020000000000000018,-8.839999999999944e-4,-0.020000000000000018,-0.025000000000000022,-0.030000000000000027,5000,0.01
DFII10,-13,0.040000000000000036,0.03000000000000025,0.029999999999999805,1.9299999999999992e-4,-0.029999999999999916,-0.030000000000000027,-0.040000000000000036,5000,0.01
DFII10,-12,0.04999999999999982,0.03500000000000003,0.030000000000000027,5.769999999999964e-4,-0.030000000000000027,-0.040000000000000036,-0.050000000000000044,5000,0.03000000000000002
DFII10,-11,0.05499999999999994,0.04500000000000004,0.040000000000000036,0.003072999999999996,-0.03499999999999992,-0.040000000000000036,-0.06000000000000005,5000,-0.02000000000000001
DFII10,-10,0.06999999999999984,0.050000000000000044,0.04499999999999993,0.004629999999999998,-0.03500000000000003,-0.04499999999999993,-0.06000000000000005,5000,-0.02000000000000001
DFII10,-9,0.06999999999999984,0.050000000000000044,0.04999999999999982,0.0036730000000000044,-0.044999999999999825,-0.050000000000000044,-0.06500000000000006,5000,0
DFII10,-8,0.07499999999999984,0.06000000000000005,0.050000000000000044,7.799999999999994e-4,-0.04499999999999993,-0.05500000000000005,-0.07000000000000017,5000,0.04000000000000003
DFII10,-7,0.08000000000000007,0.06499999999999995,0.050000000000000155,-0.0010340000000000006,-0.05499999999999994,-0.06000000000000005,-0.08000000000000007,5000,0
DFII10,-6,0.09000000000000008,0.06499999999999984,0.05500000000000005,-1.1599999999999801e-4,-0.05500000000000016,-0.06999999999999984,-0.08000000000000007,5000,-0.04000000000000003
DFII10,-5,0.09499999999999986,0.07499999999999996,0.06000000000000005,0.0015680000000000043,-0.06000000000000005,-0.06999999999999984,-0.08999999999999986,5000,0.02000000000000001
DFII10,-4,0.09999999999999998,0.07999999999999996,0.06000000000000005,0.0021100000000000116,-0.05500000000000005,-0.06999999999999984,-0.09000000000000008,5000,0.04000000000000003
DFII10,-3,0.09999999999999998,0.07999999999999996,0.06500000000000006,0.003542000000000009,-0.05999999999999994,-0.06999999999999984,-0.09002500000000019,5000,0.02000000000000001
DFII10,-2,0.10499999999999987,0.08499999999999985,0.07000000000000006,0.002356000000000015,-0.06500000000000006,-0.07999999999999985,-0.09500000000000008,5000,-0.08000000000000007
DFII10,-1,0.1100000000000001,0.08500000000000008,0.07499999999999996,5.109999999999946e-4,-0.06999999999999984,-0.07999999999999996,-0.10000000000000009,5000,-0.04999999999999982
DFII10,0,0.10999999999999999,0.09000000000000008,0.07500000000000007,8.480000000000092e-4,-0.06499999999999995,-0.07500000000000007,-0.09999999999999987,5000,-0.06000000000000005
DFII10,1,0.1200000000000001,0.09000000000000008,0.07499999999999996,-0.0029329999999999964,-0.06999999999999995,-0.08000000000000007,-0.10999999999999988,5000,-0.08000000000000007
DFII10,2,0.13000000000000012,0.09499999999999997,0.07999999999999996,-0.004263000000000003,-0.07999999999999985,-0.08500000000000019,-0.10499999999999998,5000,-0.10999999999999988
DFII10,3,0.13502500000000064,0.09499999999999997,0.07999999999999996,-0.0030839999999999965,-0.07500000000000007,-0.08999999999999986,-0.10999999999999988,5000,-0.11499999999999999
DFII10,4,0.14002500000000068,0.10499999999999998,0.08999999999999997,-0.004407000000000002,-0.07500000000000007,-0.08999999999999986,-0.10000000000000009,5000,-0.09499999999999986
DFII10,5,0.14000000000000012,0.10999999999999988,0.08999999999999997,-0.0011060000000000056,-0.07500000000000007,-0.08999999999999986,-0.1100000000000001,5000,-0.07000000000000006
DFII10,6,0.14000000000000012,0.10999999999999988,0.09500000000000008,2.960000000000006e-4,-0.07999999999999985,-0.08999999999999986,-0.12,5000,-0.06999999999999995
DFII10,7,0.14500000000000002,0.1100000000000001,0.09000000000000008,0.002891,-0.07500000000000007,-0.08999999999999986,-0.1100000000000001,5000,-0.08999999999999997
DFII10,8,0.14002500000000068,0.1150000000000001,0.09999999999999998,0.0026189999999999946,-0.07999999999999985,-0.08999999999999986,-0.12,5000,-0.06000000000000005
DFII10,9,0.1499999999999999,0.125,0.10000000000000009,0.003860000000000002,-0.07999999999999996,-0.0900000000000003,-0.11999999999999988,5000,-0.07000000000000006
DFII10,10,0.15999999999999992,0.12499999999999989,0.10999999999999999,0.005479000000000006,-0.08000000000000007,-0.10000000000000009,-0.1299999999999999,5000,-0.03000000000000002
DFII10,11,0.16000000000000003,0.135,0.11499999999999999,0.006651,-0.09000000000000008,-0.10000000000000009,-0.13000000000000012,5000,-0.05000000000000004
DFII10,12,0.18000000000000005,0.13012499999999852,0.10999999999999999,0.008289,-0.09000000000000008,-0.10499999999999998,-0.14002500000000012,5000,-0.04000000000000003
DFII10,13,0.18000000000000005,0.1449999999999999,0.1200000000000001,0.011587000000000004,-0.10000000000000009,-0.11999999999999968,-0.1399999999999999,5000,-0.04999999999999982
DFII10,14,0.17999999999999994,0.14500000000000013,0.1250000000000001,0.014390000000000005,-0.09000000000000008,-0.11000000000000021,-0.1499999999999999,5000,-0.08000000000000007
DFII10,15,0.19502500000000048,0.15000000000000013,0.13,0.013782,-0.0950000000000002,-0.11499999999999999,-0.1499999999999999,5000,-0.10999999999999988
DFII20,-15,0,0,0,0,0,0,0,5000,0
DFII20,-14,0.029999999999999805,0.020000000000000018,0.020000000000000018,-3.7199999999999083e-4,-0.020000000000000018,-0.020000000000000018,-0.025000000000000022,5000,0.01000000000000023
DFII20,-13,0.040000000000000036,0.030000000000000027,0.029999999999999805,0.0026750000000000133,-0.020000000000000018,-0.029999999999999805,-0.039999999999999813,5000,0.00999999999999978
DFII20,-12,0.040000000000000036,0.030000000000000138,0.029999999999999805,0.0017910000000000048,-0.025000000000000133,-0.030000000000000027,-0.04002500000000003,5000,0.01
DFII20,-11,0.05500000000000005,0.040000000000000036,0.039999999999999813,0.004392999999999998,-0.02999999999999981,-0.03500000000000014,-0.04999999999999993,5000,-0.0299999999999998
DFII20,-10,0.06000000000000005,0.050000000000000044,0.04499999999999982,0.006985000000000002,-0.030000000000000027,-0.040000000000000036,-0.050000000000000044,5000,-0.02000000000000001
DFII20,-9,0.06999999999999984,0.05500000000000005,0.04999999999999982,0.006599000000000004,-0.03499999999999992,-0.040000000000000036,-0.06000000000000005,5000,0
DFII20,-8,0.07500000000000007,0.06000000000000005,0.050000000000000044,0.005975999999999992,-0.040000000000000036,-0.04999999999999982,-0.06000000000000005,5000,0.00999999999999978
DFII20,-7,0.08000000000000007,0.06000000000000005,0.050000000000000044,0.0052469999999999895,-0.040000000000000036,-0.050000000000000044,-0.06999999999999984,5000,-0.00999999999999978
DFII20,-6,0.0900000000000003,0.07000000000000006,0.06000000000000005,0.007381999999999995,-0.040000000000000036,-0.050000000000000044,-0.06999999999999984,5000,-0.03000000000000025
DFII20,-5,0.09999999999999987,0.07500000000000018,0.06500000000000006,0.009209,-0.040000000000000036,-0.05499999999999983,-0.07000000000000006,5000,-0.01
DFII20,-4,0.09999999999999987,0.07499999999999996,0.06500000000000006,0.010967999999999995,-0.04499999999999993,-0.05499999999999994,-0.07499999999999996,5000,0.04000000000000003
DFII20,-3,0.09500000000000008,0.08000000000000007,0.07000000000000006,0.01260399999999999,-0.04999999999999982,-0.05999999999999983,-0.08000000000000007,5000,0
DFII20,-2,0.10000000000000009,0.08000000000000007,0.07000000000000006,0.01138699999999998,-0.04999999999999982,-0.06000000000000005,-0.08000000000000007,5000,-0.07000000000000028
DFII20,-1,0.10000000000000009,0.08000000000000007,0.06999999999999995,0.010757999999999983,-0.050000000000000266,-0.06012500000000022,-0.08000000000000007,5000,-0.05999999999999961
DFII20,0,0.10999999999999988,0.08000000000000007,0.07000000000000006,0.012053999999999999,-0.050000000000000266,-0.06000000000000005,-0.08499999999999974,5000,-0.06999999999999984
DFII20,1,0.1100000000000001,0.08000000000000007,0.07000000000000028,0.009160000000000005,-0.05500000000000016,-0.06999999999999984,-0.08999999999999986,5000,-0.06999999999999984
DFII20,2,0.11999999999999988,0.09499999999999997,0.08000000000000007,0.007567999999999998,-0.05499999999999983,-0.06499999999999995,-0.08000000000000007,5000,-0.08999999999999986
DFII20,3,0.12,0.09999999999999998,0.08000000000000007,0.007840000000000005,-0.050000000000000266,-0.06499999999999995,-0.08000000000000007,5000,-0.11499999999999988
DFII20,4,0.13,0.10000000000000009,0.08999999999999986,0.008417000000000006,-0.05999999999999962,-0.06500000000000006,-0.08999999999999986,5000,-0.07999999999999985
DFII20,5,0.14,0.10999999999999999,0.09000000000000008,0.010104000000000002,-0.06000000000000005,-0.06999999999999984,-0.08999999999999986,5000,-0.06999999999999984
DFII20,6,0.14,0.11012499999999849,0.08999999999999986,0.011785000000000004,-0.050000000000000266,-0.06499999999999984,-0.08499999999999996,5000,-0.050000000000000044
DFII20,7,0.1399999999999998,0.11000000000000011,0.09499999999999986,0.012462000000000003,-0.05499999999999983,-0.06012500000000011,-0.08499999999999996,5000,-0.04499999999999993
DFII20,8,0.14000000000000012,0.12012499999999829,0.10000000000000009,0.012241000000000004,-0.05499999999999972,-0.06500000000000006,-0.08000000000000007,5000,-0.05000000000000004
DFII20,9,0.15000000000000013,0.1299999999999999,0.10999999999999988,0.013523000000000002,-0.04999999999999993,-0.06000000000000005,-0.08999999999999986,5000,-0.06000000000000005
DFII20,10,0.1599999999999997,0.1250000000000001,0.1100000000000001,0.015603999999999996,-0.04999999999999993,-0.06000000000000005,-0.08999999999999986,5000,-0.04000000000000003
DFII20,11,0.15500000000000003,0.13,0.11499999999999999,0.016653999999999995,-0.05500000000000005,-0.06500000000000017,-0.08500000000000019,5000,-0.03000000000000002
DFII20,12,0.15999999999999992,0.1299999999999999,0.10999999999999988,0.018383999999999987,-0.06000000000000005,-0.06999999999999984,-0.08999999999999997,5000,-0.08000000000000007
DFII20,13,0.16999999999999993,0.13,0.11000000000000032,0.020614999999999998,-0.06000000000000005,-0.07000000000000028,-0.10000000000000009,5000,-0.08999999999999986
DFII20,14,0.17000000000000015,0.14000000000000012,0.11499999999999999,0.02368399999999999,-0.06000000000000005,-0.07000000000000028,-0.09999999999999998,5000,-0.08999999999999986
DFII20,15,0.1850250000000006,0.1449999999999999,0.12,0.024456999999999996,-0.06000000000000005,-0.08000000000000007,-0.10000000000000009,5000,-0.07000000000000006
DFII30,-15,0,0,0,0,0,0,0,5000,0
DFII30,-14,0.025000000000000022,0.020000000000000018,0.020000000000000018,3.430000000000006e-4,-0.019999999999999796,-0.020000000000000018,-0.020000000000000018,5000,0.01000000000000023
DFII30,-13,0.040000000000000036,0.030000000000000027,0.029999999999999805,0.0037609999999999944,-0.020000000000000018,-0.02499999999999991,-0.03500000000000003,5000,0
DFII30,-12,0.04499999999999993,0.03000000000000025,0.029999999999999805,0.00268000000000002,-0.020000000000000018,-0.029999999999999805,-0.040000000000000036,5000,0.00999999999999978
DFII30,-11,0.05999999999999961,0.040000000000000036,0.030250000000001137,0.0057809999999999945,-0.025000000000000133,-0.03000000000000025,-0.040000000000000036,5000,-0.02000000000000001
DFII30,-10,0.06000000000000005,0.04999999999999993,0.04499999999999971,0.008386999999999986,-0.02499999999999991,-0.030000000000000027,-0.04999999999999982,5000,-0.02000000000000001
DFII30,-9,0.06999999999999995,0.05999999999999983,0.04999999999999982,0.007865000000000002,-0.030000000000000027,-0.03500000000000014,-0.050000000000000155,5000,0
DFII30,-8,0.07000000000000028,0.06000000000000005,0.050000000000000044,0.008244999999999992,-0.03000000000000025,-0.040000000000000036,-0.05500000000000005,5000,0
DFII30,-7,0.07999999999999996,0.06000000000000005,0.050000000000000044,0.00816399999999999,-0.03499999999999992,-0.040000000000000036,-0.06002500000000005,5000,0
DFII30,-6,0.08499999999999996,0.06999999999999984,0.06000000000000005,0.010840999999999993,-0.03499999999999992,-0.040000000000000036,-0.05999999999999983,5000,-0.03000000000000025
DFII30,-5,0.09000000000000019,0.07500000000000007,0.06499999999999995,0.012435000000000002,-0.03500000000000003,-0.044999999999999936,-0.06000000000000005,5000,-0.04000000000000003
DFII30,-4,0.09000000000000008,0.07499999999999996,0.06499999999999995,0.015425999999999999,-0.03500000000000014,-0.050000000000000044,-0.06999999999999984,5000,0.0299999999999998
DFII30,-3,0.09499999999999986,0.07500000000000007,0.06500000000000006,0.01708300000000002,-0.039999999999999813,-0.04999999999999982,-0.07000000000000006,5000,0
DFII30,-2,0.09000000000000008,0.07999999999999974,0.06999999999999984,0.01507900000000001,-0.039999999999999813,-0.04500000000000004,-0.07000000000000006,5000,-0.04999999999999982
DFII30,-1,0.0950000000000002,0.07999999999999985,0.06999999999999984,0.015582999999999996,-0.039999999999999925,-0.04500000000000004,-0.07000000000000006,5000,-0.06000000000000005
DFII30,0,0.10000000000000009,0.07999999999999985,0.06999999999999995,0.018161,-0.040000000000000036,-0.04999999999999982,-0.06499999999999995,5000,-0.06999999999999984
DFII30,1,0.09999999999999987,0.07999999999999996,0.07000000000000006,0.017466000000000006,-0.040000000000000036,-0.050000000000000044,-0.07000000000000006,5000,-0.06000000000000005
DFII30,2,0.10999999999999988,0.08499999999999996,0.07999999999999985,0.015927,-0.040000000000000036,-0.050000000000000266,-0.07500000000000018,5000,-0.06999999999999984
DFII30,3,0.11499999999999999,0.09000000000000008,0.07999999999999996,0.016603,-0.040000000000000036,-0.050000000000000044,-0.06500000000000006,5000,-0.0950000000000002
DFII30,4,0.1299999999999999,0.10000000000000009,0.08000000000000007,0.016562000000000004,-0.04000000000000004,-0.050000000000000044,-0.07000000000000017,5000,-0.07499999999999996
DFII30,5,0.13000000000000012,0.10000000000000009,0.08499999999999996,0.018068000000000004,-0.040000000000000036,-0.050000000000000266,-0.07000000000000028,5000,-0.08000000000000007
DFII30,6,0.1300250000000009,0.10512499999999828,0.09000000000000008,0.019307,-0.03999999999999982,-0.04500000000000015,-0.06999999999999984,5000,-0.050000000000000044
DFII30,7,0.135,0.10999999999999999,0.0900000000000003,0.020129999999999988,-0.03499999999999992,-0.04999999999999982,-0.07000000000000028,5000,-0.02500000000000013
DFII30,8,0.1399999999999999,0.11512499999999838,0.10000000000000009,0.020440999999999983,-0.039999999999999925,-0.04999999999999982,-0.06502500000000017,5000,-0.00999999999999978
DFII30,9,0.1499999999999999,0.1200000000000001,0.10000000000000009,0.02355999999999999,-0.040000000000000036,-0.050000000000000044,-0.06999999999999984,5000,-0.02000000000000001
DFII30,10,0.1500250000000009,0.125,0.10499999999999998,0.025551999999999988,-0.03999999999999959,-0.050000000000000044,-0.07502500000000016,5000,-0.04000000000000003
DFII30,11,0.1599999999999997,0.13,0.10999999999999988,0.025236999999999975,-0.040000000000000036,-0.050000000000000044,-0.07002500000000006,5000,-0.01000000000000023
DFII30,12,0.1600250000000007,0.1299999999999999,0.1100000000000001,0.025944999999999985,-0.040000000000000036,-0.04999999999999982,-0.07000000000000006,5000,-0.06000000000000005
DFII30,13,0.16999999999999993,0.13000000000000012,0.10999999999999988,0.029067999999999983,-0.040000000000000036,-0.050000000000000044,-0.07500000000000018,5000,-0.06000000000000005
DFII30,14,0.16999999999999982,0.1200000000000001,0.10999999999999999,0.032614999999999984,-0.03500000000000004,-0.04999999999999982,-0.08000000000000007,5000,-0.06999999999999984
DFII30,15,0.16500000000000015,0.1349999999999999,0.11999999999999988,0.033470999999999994,-0.03000000000000025,-0.040000000000000036,-0.07499999999999996,5000,-0.05000000000000026
DFII5,-15,0,0,0,0,0,0,0,5000,0
DFII5,-14,0.030000000000000027,0.020000000000000018,0.020000000000000018,4.740000000000016e-4,-0.020000000000000018,-0.020000000000000018,-0.030000000000000027,5000,0.02000000000000001
DFII5,-13,0.04499999999999993,0.030000000000000027,0.029999999999999805,-0.002518999999999998,-0.030000000000000027,-0.03000000000000025,-0.04002500000000014,5000,0.02000000000000001
DFII5,-12,0.050000000000000266,0.040000000000000036,0.03500000000000003,5.379999999999912e-4,-0.03500000000000003,-0.04499999999999993,-0.06000000000000005,5000,0.03000000000000025
DFII5,-11,0.06000000000000005,0.04999999999999982,0.040000000000000036,0.0021629999999999952,-0.040000000000000036,-0.050000000000000044,-0.06999999999999995,5000,0.01
DFII5,-10,0.06999999999999984,0.050000000000000044,0.04499999999999993,0.0010049999999999864,-0.04499999999999993,-0.050000000000000044,-0.06999999999999995,5000,0
DFII5,-9,0.07000000000000006,0.05500000000000005,0.04500000000000004,-0.001162000000000004,-0.04999999999999982,-0.05500000000000016,-0.08000000000000007,5000,0.02000000000000001
DFII5,-8,0.07000000000000006,0.05499999999999994,0.04499999999999993,-0.004823000000000005,-0.05500000000000005,-0.06999999999999984,-0.08000000000000007,5000,0.04000000000000003
DFII5,-7,0.07999999999999985,0.06000000000000005,0.050000000000000044,-0.008279000000000007,-0.06000000000000005,-0.07000000000000006,-0.09499999999999997,5000,0
DFII5,-6,0.07999999999999996,0.05999999999999994,0.04999999999999993,-0.009266999999999996,-0.06499999999999995,-0.07499999999999984,-0.09000000000000008,5000,-0.01
DFII5,-5,0.09000000000000008,0.06999999999999984,0.050000000000000044,-0.009892000000000003,-0.06499999999999995,-0.07999999999999996,-0.09500000000000008,5000,-0.02000000000000001
DFII5,-4,0.09000000000000008,0.06999999999999984,0.05499999999999983,-0.008336000000000001,-0.07000000000000006,-0.08499999999999985,-0.1050000000000001,5000,0.01
DFII5,-3,0.09999999999999998,0.06500000000000006,0.050000000000000266,-0.009071999999999995,-0.07000000000000019,-0.08999999999999986,-0.11499999999999988,5000,0.01999999999999979
DFII5,-2,0.10502500000000052,0.07999999999999996,0.06000000000000005,-0.010725000000000002,-0.08000000000000007,-0.09000000000000019,-0.11499999999999988,5000,-0.04000000000000003
DFII5,-1,0.1100000000000001,0.08499999999999996,0.06999999999999984,-0.013404000000000003,-0.08999999999999986,-0.09999999999999987,-0.11499999999999988,5000,-0.08000000000000007
DFII5,0,0.1100000000000001,0.08499999999999996,0.07499999999999996,-0.014024000000000003,-0.08999999999999997,-0.09999999999999998,-0.11999999999999988,5000,-0.07000000000000006
DFII5,1,0.12002500000000065,0.09000000000000008,0.07499999999999996,-0.015769000000000002,-0.09000000000000008,-0.10499999999999998,-0.12499999999999989,5000,-0.10000000000000007
DFII5,2,0.1299999999999999,0.09000000000000008,0.07499999999999996,-0.014847,-0.09500000000000008,-0.1100000000000001,-0.14,5000,-0.1200000000000001
DFII5,3,0.135,0.10000000000000009,0.07999999999999996,-0.013609999999999997,-0.10000000000000009,-0.11499999999999999,-0.14000000000000012,5000,-0.11999999999999988
DFII5,4,0.1399999999999999,0.10499999999999998,0.08000000000000007,-0.014220000000000007,-0.10499999999999989,-0.11999999999999988,-0.14500000000000002,5000,-0.07999999999999985
DFII5,5,0.13,0.10499999999999987,0.07000000000000028,-0.011078000000000008,-0.09999999999999998,-0.1150000000000001,-0.15500000000000003,5000,-0.08499999999999996
DFII5,6,0.1349999999999999,0.09999999999999987,0.08000000000000007,-0.008372000000000008,-0.09499999999999988,-0.10999999999999988,-0.15002500000000013,5000,-0.04499999999999993
DFII5,7,0.1349999999999999,0.09999999999999998,0.08000000000000007,-0.005992000000000007,-0.09499999999999997,-0.11499999999999988,-0.15000000000000002,5000,-0.06999999999999995
DFII5,8,0.1399999999999999,0.10499999999999998,0.08999999999999986,-0.005246000000000001,-0.09499999999999997,-0.12012500000000007,-0.1499999999999999,5000,-0.04000000000000003
DFII5,9,0.1499999999999999,0.10499999999999998,0.09000000000000008,-0.006522000000000008,-0.10000000000000009,-0.11999999999999988,-0.15500000000000003,5000,-0.07000000000000006
DFII5,10,0.15002500000000069,0.12499999999999989,0.10000000000000009,-0.0058000000000000005,-0.1100000000000001,-0.12500000000000022,-0.15999999999999992,5000,-0.01
DFII5,11,0.15999999999999992,0.125,0.10499999999999998,-0.0065660000000000015,-0.115,-0.1399999999999999,-0.16502500000000025,5000,-0.0299999999999998
DFII5,12,0.15499999999999992,0.12,0.10000000000000009,-0.006701000000000004,-0.1200000000000001,-0.14000000000000012,-0.17002500000000015,5000,-0.03000000000000002
DFII5,13,0.1600250000000007,0.1299999999999999,0.10999999999999988,-0.004696999999999997,-0.12,-0.14,-0.18002500000000005,5000,-0.03000000000000002
DFII5,14,0.16000000000000003,0.1299999999999999,0.10000000000000009,-0.002649999999999998,-0.11999999999999988,-0.13500000000000012,-0.18502500000000005,5000,-0.10000000000000007
DFII5,15,0.16999999999999993,0.13,0.10999999999999988,-4.5599999999999596e-4,-0.1200000000000001,-0.1499999999999999,-0.19499999999999995,5000,-0.13000000000000034
DGS1,-15,0,0,0,0,0,0,0,5000,0
DGS1,-14,0.019999999999999796,0.010000000000000675,0.009999999999999787,-0.0018979999999999921,-0.015000000000000124,-0.019999999999999574,-0.020000000000000462,5000,0.00999999999999978
DGS1,-13,0.02999999999999936,0.019999999999999796,0.015000000000000135,-0.001257000000000005,-0.020000000000000018,-0.024999999999999696,-0.03000000000000025,5000,0
DGS1,-12,0.03000000000000025,0.02499999999999991,0.020000000000000018,-6.730000000000261e-4,-0.02499999999999969,-0.03000000000000025,-0.040000000000000036,5000,0.01999999999999957
DGS1,-11,0.040000000000000036,0.03000000000000025,0.02499999999999991,-0.00261600000000001,-0.029999999999999805,-0.03500000000000014,-0.04499999999999993,5000,0.00999999999999978
DGS1,-10,0.040000000000000036,0.029999999999999805,0.02499999999999991,-0.0024459999999999972,-0.03000000000000025,-0.03500000000000014,-0.050000000000000044,5000,0
DGS1,-9,0.04999999999999982,0.03000000000000025,0.02499999999999991,-0.004594000000000006,-0.03500000000000014,-0.040000000000000036,-0.05500000000000016,5000,0.01999999999999957
DGS1,-8,0.04499999999999993,0.0349999999999997,0.029999999999999805,-0.005631000000000018,-0.040000000000000036,-0.04499999999999993,-0.05999999999999983,5000,0.00999999999999978
DGS1,-7,0.04999999999999982,0.040000000000000036,0.03000000000000025,-0.005661000000000034,-0.04499999999999993,-0.050000000000000266,-0.07000000000000028,5000,0.00999999999999978
DGS1,-6,0.04999999999999982,0.03000000000000025,0.029999999999999805,-0.0073520000000000104,-0.05000000000000071,-0.0649999999999995,-0.07500000000000018,5000,0
DGS1,-5,0.05500000000000016,0.040000000000000036,0.03000000000000025,-0.009526000000000007,-0.05500000000000016,-0.0649999999999995,-0.08000000000000007,5000,0.04000000000000003
DGS1,-4,0.05500000000000016,0.040000000000000036,0.03000000000000025,-0.00976200000000003,-0.054999999999999716,-0.0600000000000005,-0.08000000000000007,5000,0.01999999999999957
DGS1,-3,0.054999999999999716,0.040000000000000036,0.03000000000000025,-0.010790000000000034,-0.05999999999999961,-0.06500000000000039,-0.08000000000000007,5000,0.01999999999999957
DGS1,-2,0.06499999999999995,0.04999999999999982,0.040000000000000036,-0.009816000000000033,-0.05499999999999994,-0.06499999999999995,-0.08000000000000007,5000,-0.04000000000000003
DGS1,-1,0.06002500000000059,0.04499999999999993,0.03500000000000014,-0.012302000000000021,-0.05999999999999961,-0.06999999999999984,-0.08999999999999986,5000,-0.04000000000000003
DGS1,0,0.0600000000000005,0.040000000000000036,0.03000000000000025,-0.012571000000000028,-0.05999999999999983,-0.06999999999999984,-0.08999999999999986,5000,-0.07999999999999918
DGS1,1,0.06499999999999995,0.04512499999999853,0.039999999999999376,-0.012674000000000034,-0.0600000000000005,-0.07000000000000028,-0.0900000000000003,5000,-0.08000000000000007
DGS1,2,0.07000000000000028,0.054999999999999716,0.040000000000000036,-0.014026000000000021,-0.06500000000000039,-0.07500000000000018,-0.09999999999999964,5000,-0.08000000000000007
DGS1,3,0.08000000000000007,0.05999999999999961,0.04499999999999993,-0.014208,-0.06999999999999984,-0.08000000000000007,-0.10999999999999943,5000,-0.07000000000000028
DGS1,4,0.08999999999999986,0.05999999999999961,0.04499999999999993,-0.01468400000000001,-0.07000000000000006,-0.08999999999999986,-0.11999999999999966,5000,-0.07500000000000018
DGS1,5,0.09002500000000128,0.07000000000000028,0.04999999999999982,-0.01592,-0.07500000000000018,-0.0950000000000002,-0.1299999999999999,5000,-0.04500000000000037
DGS1,6,0.09999999999999964,0.07000000000000028,0.05500000000000016,-0.01637900000000001,-0.08999999999999986,-0.10000000000000053,-0.1299999999999999,5000,-0.06000000000000005
DGS1,7,0.0950000000000002,0.06499999999999996,0.050250000000001564,-0.017180000000000018,-0.08500000000000019,-0.10000000000000053,-0.13999999999999968,5000,-0.0900000000000003
DGS1,8,0.0900000000000003,0.06999999999999984,0.050000000000000266,-0.019236000000000014,-0.08999999999999986,-0.10999999999999988,-0.14500000000000002,5000,-0.1200000000000001
DGS1,9,0.10499999999999998,0.07000000000000028,0.05999999999999961,-0.021671000000000013,-0.0950000000000002,-0.1200000000000001,-0.1599999999999997,5000,-0.1200000000000001
DGS1,10,0.09999999999999964,0.07000000000000028,0.050000000000000266,-0.024046000000000022,-0.10499999999999998,-0.1200000000000001,-0.15999999999999992,5000,-0.10999999999999945
DGS1,11,0.10500000000000043,0.07499999999999996,0.05500000000000016,-0.02665200000000004,-0.11000000000000032,-0.1349999999999998,-0.16999999999999993,5000,-0.09999999999999964
DGS1,12,0.10499999999999998,0.08000000000000007,0.05999999999999961,-0.028651000000000013,-0.11999999999999988,-0.13999999999999968,-0.17000000000000037,5000,-0.08000000000000007
DGS1,13,0.10499999999999998,0.07500000000000018,0.05999999999999961,-0.02967300000000001,-0.1200000000000001,-0.13999999999999968,-0.18002500000000016,5000,-0.11999999999999966
DGS1,14,0.11000000000000032,0.08000000000000007,0.06000000000000005,-0.03126200000000001,-0.1200000000000001,-0.14000000000000012,-0.18499999999999983,5000,-0.09999999999999964
DGS1,15,0.11000000000000032,0.07999999999999963,0.05999999999999961,-0.03301100000000002,-0.1200000000000001,-0.14000000000000012,-0.18999999999999995,5000,-0.0699999999999994
DGS10,-15,0,0,0,0,0,0,0,5000,0
DGS10,-14,0.03999999999999915,0.030000000000000027,0.02499999999999991,-3.7399999999999245e-4,-0.020000000000000462,-0.029999999999999805,-0.03500000000000014,5000,0.00999999999999978
DGS10,-13,0.054999999999999716,0.040000000000000036,0.03500000000000014,0.00417599999999998,-0.03000000000000025,-0.039999999999999813,-0.04999999999999982,5000,-0.01999999999999957
DGS10,-12,0.05502500000000092,0.04999999999999982,0.040000000000000036,0.00501199999999999,-0.03000000000000025,-0.040000000000000036,-0.05999999999999961,5000,0.00999999999999978
DGS10,-11,0.07000000000000006,0.05500000000000016,0.04999999999999982,0.005901999999999987,-0.040000000000000036,-0.04999999999999982,-0.06000000000000005,5000,-0.01000000000000023
DGS10,-10,0.08499999999999996,0.06999999999999984,0.05999999999999983,0.00927199999999997,-0.040000000000000036,-0.04999999999999982,-0.0699999999999994,5000,-0.03000000000000025
DGS10,-9,0.09499999999999997,0.07500000000000018,0.06499999999999972,0.007053999999999979,-0.04999999999999982,-0.05999999999999961,-0.07499999999999973,5000,0
DGS10,-8,0.09999999999999964,0.07500000000000018,0.06500000000000039,0.009059999999999995,-0.05500000000000016,-0.06500000000000039,-0.09499999999999975,5000,0.00999999999999978
DGS10,-7,0.11000000000000032,0.08999999999999986,0.07999999999999921,0.007167999999999977,-0.0699999999999994,-0.08000000000000007,-0.10000000000000009,5000,0
DGS10,-6,0.1200000000000001,0.10000000000000053,0.08999999999999986,0.009187999999999991,-0.07000000000000006,-0.08000000000000007,-0.10000000000000053,5000,0.02999999999999936
DGS10,-5,0.125,0.09999999999999964,0.08999999999999986,0.011853999999999988,-0.06000000000000005,-0.07500000000000018,-0.11000000000000032,5000,0.00999999999999978
DGS10,-4,0.13999999999999968,0.11000000000000032,0.08999999999999986,0.010308999999999987,-0.06999999999999984,-0.08499999999999996,-0.11500000000000021,5000,0.0299999999999998
DGS10,-3,0.13499999999999981,0.10499999999999998,0.09000000000000075,0.010853000000000007,-0.07500000000000018,-0.08999999999999986,-0.11499999999999999,5000,-0.02000000000000001
DGS10,-2,0.1299999999999999,0.10499999999999976,0.08999999999999986,0.01213299999999998,-0.07000000000000028,-0.08999999999999986,-0.1200000000000001,5000,-0.08000000000000007
DGS10,-1,0.13999999999999968,0.10000000000000053,0.08999999999999986,0.013778,-0.07000000000000028,-0.08999999999999986,-0.1200000000000001,5000,-0.06000000000000005
DGS10,0,0.14000000000000012,0.11000000000000011,0.09525000000000106,0.013698000000000005,-0.07500000000000018,-0.08999999999999986,-0.11499999999999977,5000,-0.10000000000000007
DGS10,1,0.14500000000000002,0.11000000000000032,0.09999999999999987,0.010757000000000006,-0.08000000000000007,-0.08999999999999987,-0.11999999999999966,5000,-0.10000000000000052
DGS10,2,0.16000000000000014,0.12499999999999957,0.10000000000000009,0.00834800000000001,-0.08000000000000007,-0.10000000000000009,-0.125,5000,-0.1299999999999999
DGS10,3,0.16000000000000014,0.1299999999999999,0.105,0.008315,-0.08000000000000007,-0.09499999999999975,-0.125,5000,-0.1599999999999997
DGS10,4,0.16999999999999993,0.115,0.09999999999999964,0.011155000000000007,-0.07999999999999964,-0.0950000000000002,-0.135,5000,-0.14500000000000002
DGS10,5,0.17999999999999972,0.1299999999999999,0.11000000000000032,0.009080000000000015,-0.08000000000000052,-0.09999999999999964,-0.12499999999999956,5000,-0.125
DGS10,6,0.17502500000000057,0.1349999999999998,0.11499999999999999,0.009355000000000006,-0.08499999999999996,-0.10499999999999998,-0.135,5000,-0.11499999999999977
DGS10,7,0.17002500000000048,0.1349999999999998,0.11499999999999956,0.010845000000000016,-0.08000000000000007,-0.09999999999999964,-0.13999999999999968,5000,-0.14500000000000002
DGS10,8,0.17999999999999972,0.1449999999999998,0.1200000000000001,0.009699000000000017,-0.08000000000000007,-0.10000000000000009,-0.1299999999999999,5000,-0.15000000000000036
DGS10,9,0.1900000000000004,0.1451249999999984,0.125,0.011056999999999999,-0.08999999999999986,-0.10499999999999998,-0.13000000000000078,5000,-0.16000000000000014
DGS10,10,0.1900250000000005,0.1499999999999999,0.1200000000000001,0.014913000000000025,-0.09000000000000075,-0.11000000000000032,-0.13500000000000023,5000,-0.10000000000000007
DGS10,11,0.20000000000000018,0.15500000000000025,0.13999999999999968,0.015226000000000023,-0.08999999999999986,-0.10999999999999988,-0.13502500000000023,5000,-0.10000000000000007
DGS10,12,0.20999999999999996,0.16000000000000014,0.14500000000000002,0.01628800000000002,-0.08499999999999952,-0.10000000000000053,-0.14999999999999947,5000,-0.08000000000000007
DGS10,13,0.22999999999999976,0.17499999999999982,0.14000000000000057,0.019462000000000017,-0.08499999999999976,-0.1050000000000002,-0.1499999999999997,5000,-0.11000000000000032
DGS10,14,0.22002500000000075,0.17999999999999994,0.16000000000000014,0.022381000000000012,-0.08000000000000007,-0.10999999999999988,-0.14999999999999947,5000,-0.16000000000000014
DGS10,15,0.22999999999999954,0.18999999999999995,0.16000000000000014,0.023202000000000007,-0.08499999999999952,-0.10999999999999988,-0.15002500000000032,5000,-0.08999999999999986
DGS20,-15,0,0,0,0,0,0,0,5000,0
DGS20,-14,0.0349999999999997,0.025000000000000355,0.020000000000000462,-0.0010350000000000055,-0.020000000000000462,-0.02999999999999936,-0.03000000000000025,5000,0
DGS20,-13,0.054999999999999716,0.040000000000000036,0.03000000000000025,0.004285999999999981,-0.029999999999999805,-0.0349999999999997,-0.040000000000000036,5000,-0.02999999999999936
DGS20,-12,0.05999999999999961,0.040000000000000036,0.040000000000000036,0.004091000000000015,-0.029999999999999805,-0.03000000000000025,-0.04999999999999982,5000,0.00999999999999978
DGS20,-11,0.07000000000000028,0.054999999999999716,0.04500000000000037,0.003990999999999997,-0.03000000000000025,-0.040000000000000036,-0.054999999999999716,5000,-0.01999999999999957
DGS20,-10,0.07499999999999973,0.06000000000000005,0.05500000000000016,0.008829000000000005,-0.03500000000000014,-0.04499999999999993,-0.06499999999999995,5000,-0.02000000000000046
DGS20,-9,0.08499999999999996,0.07000000000000028,0.06000000000000005,0.008567999999999994,-0.040000000000000036,-0.054999999999999716,-0.06999999999999984,5000,-0.00999999999999978
DGS20,-8,0.0900000000000003,0.07500000000000018,0.07000000000000006,0.010555000000000007,-0.05000000000000071,-0.05999999999999983,-0.07999999999999963,5000,-0.00999999999999978
DGS20,-7,0.11000000000000032,0.08999999999999986,0.07500000000000018,0.010161999999999985,-0.06000000000000005,-0.07000000000000028,-0.09502499999999997,5000,0
DGS20,-6,0.1200000000000001,0.09999999999999964,0.08499999999999996,0.011214999999999975,-0.05999999999999961,-0.07000000000000028,-0.09499999999999975,5000,0.00999999999999978
DGS20,-5,0.1200000000000001,0.09512499999999859,0.08499999999999996,0.013422000000000022,-0.05000000000000071,-0.06500000000000039,-0.09502500000000019,5000,-0.00999999999999978
DGS20,-4,0.1299999999999999,0.10000000000000053,0.08499999999999996,0.013202000000000016,-0.06000000000000005,-0.07500000000000018,-0.10000000000000053,5000,-0.00999999999999978
DGS20,-3,0.125,0.09999999999999964,0.08999999999999986,0.015312000000000003,-0.0600000000000005,-0.08000000000000007,-0.10000000000000053,5000,-0.03000000000000025
DGS20,-2,0.12002500000000065,0.0950000000000002,0.08499999999999996,0.014489000000000017,-0.06000000000000005,-0.08000000000000007,-0.10999999999999988,5000,-0.08999999999999986
DGS20,-1,0.1299999999999999,0.09999999999999964,0.08499999999999996,0.01552300000000002,-0.06499999999999995,-0.08000000000000007,-0.10499999999999998,5000,-0.08000000000000007
DGS20,0,0.13999999999999968,0.10000000000000053,0.08999999999999986,0.018384,-0.0600000000000005,-0.08000000000000007,-0.11000000000000032,5000,-0.10999999999999945
DGS20,1,0.13999999999999968,0.09999999999999964,0.08500000000000041,0.016152,-0.06500000000000039,-0.08499999999999996,-0.11999999999999922,5000,-0.09000000000000075
DGS20,2,0.14000000000000012,0.10999999999999988,0.0950000000000002,0.01491099999999999,-0.07500000000000018,-0.08999999999999986,-0.11500000000000021,5000,-0.1200000000000001
DGS20,3,0.14999999999999947,0.1200000000000001,0.09999999999999988,0.015343999999999988,-0.0699999999999994,-0.08999999999999986,-0.1200000000000001,5000,-0.14999999999999947
DGS20,4,0.15500000000000025,0.1200000000000001,0.10999999999999967,0.017193999999999984,-0.06999999999999984,-0.08000000000000007,-0.1200000000000001,5000,-0.11499999999999977
DGS20,5,0.16999999999999993,0.1299999999999999,0.11000000000000032,0.01909299999999997,-0.07500000000000018,-0.08999999999999986,-0.11000000000000032,5000,-0.11500000000000021
DGS20,6,0.17500000000000004,0.1299999999999999,0.1200000000000001,0.020571999999999944,-0.07000000000000006,-0.08999999999999986,-0.1200000000000001,5000,-0.0900000000000003
DGS20,7,0.18000000000000016,0.13000000000000078,0.10999999999999988,0.02025399999999997,-0.0699999999999994,-0.08000000000000007,-0.1200000000000001,5000,-0.06500000000000039
DGS20,8,0.1899999999999995,0.13999999999999968,0.11999999999999988,0.01997899999999997,-0.06999999999999984,-0.08499999999999996,-0.11500000000000021,5000,-0.09999999999999964
DGS20,9,0.19002500000000094,0.1549999999999998,0.1299999999999999,0.022665999999999974,-0.07000000000000028,-0.08999999999999986,-0.11000000000000032,5000,-0.1200000000000001
DGS20,10,0.19999999999999996,0.15012499999999854,0.1299999999999999,0.025320999999999955,-0.07000000000000028,-0.08499999999999996,-0.1200000000000001,5000,-0.09999999999999964
DGS20,11,0.19002500000000094,0.1551249999999984,0.13999999999999968,0.027535999999999946,-0.06999999999999984,-0.08999999999999986,-0.11500000000000021,5000,-0.0600000000000005
DGS20,12,0.20502500000000018,0.1599999999999997,0.13999999999999968,0.029086999999999967,-0.06999999999999941,-0.08000000000000007,-0.11000000000000032,5000,-0.09999999999999964
DGS20,13,0.20502500000000062,0.15999999999999992,0.13999999999999968,0.03336399999999997,-0.07000000000000028,-0.08499999999999996,-0.1200000000000001,5000,-0.1200000000000001
DGS20,14,0.20000000000000018,0.16000000000000014,0.1449999999999998,0.03597299999999996,-0.0600000000000005,-0.08000000000000007,-0.1200000000000001,5000,-0.14000000000000057
DGS20,15,0.20000000000000018,0.16000000000000014,0.14000000000000012,0.036747999999999954,-0.06499999999999995,-0.08000000000000007,-0.11500000000000021,5000,-0.10999999999999945
DGS30,-15,0,0,0,0,0,0,0,5000,0
DGS30,-14,0.03499999999999992,0.02999999999999936,0.020000000000000462,-5.10000000000012e-4,-0.020000000000000462,-0.02499999999999991,-0.03000000000000025,5000,0.00999999999999978
DGS30,-13,0.04999999999999982,0.040000000000000036,0.0349999999999997,0.005449999999999983,-0.024999999999999703,-0.03000000000000025,-0.040000000000000036,5000,-0.00999999999999978
DGS30,-12,0.05499999999999994,0.04499999999999971,0.040000000000000036,0.005414999999999988,-0.025000000000000355,-0.03000000000000025,-0.04999999999999982,5000,0
DGS30,-11,0.07002500000000084,0.05500000000000016,0.04999999999999982,0.0058039999999999975,-0.03000000000000025,-0.040000000000000036,-0.054999999999999716,5000,-0.04000000000000003
DGS30,-10,0.08000000000000007,0.0600000000000005,0.05500000000000016,0.009614000000000004,-0.03500000000000014,-0.04499999999999993,-0.0600000000000005,5000,-0.03000000000000025
DGS30,-9,0.08999999999999986,0.07000000000000028,0.0600000000000005,0.010579999999999994,-0.04000000000000026,-0.05000000000000071,-0.06999999999999984,5000,-0.00999999999999978
DGS30,-8,0.0950000000000002,0.08000000000000007,0.07499999999999973,0.011952999999999998,-0.04999999999999982,-0.06000000000000005,-0.08499999999999974,5000,0
DGS30,-7,0.10999999999999988,0.08499999999999996,0.07999999999999918,0.01189800000000002,-0.05500000000000016,-0.06500000000000039,-0.09000000000000008,5000,0
DGS30,-6,0.11500000000000021,0.10000000000000009,0.08499999999999996,0.014123999999999996,-0.05499999999999994,-0.06499999999999995,-0.08499999999999996,5000,-0.00999999999999978
DGS30,-5,0.1200000000000001,0.09999999999999987,0.08500000000000041,0.015065000000000021,-0.050000000000000044,-0.06499999999999995,-0.08999999999999986,5000,0.00999999999999978
DGS30,-4,0.1299999999999999,0.10000000000000053,0.08025000000000138,0.01549200000000002,-0.05499999999999973,-0.0699999999999994,-0.09000000000000075,5000,0.02999999999999936
DGS30,-3,0.125,0.09999999999999987,0.08999999999999986,0.018001000000000014,-0.05500000000000016,-0.07499999999999973,-0.09502500000000064,5000,-0.06000000000000005
DGS30,-2,0.1200000000000001,0.10000000000000009,0.08999999999999986,0.016839000000000028,-0.05500000000000016,-0.07499999999999951,-0.10000000000000031,5000,-0.06000000000000005
DGS30,-1,0.12002500000000087,0.10012499999999869,0.08999999999999986,0.01909299999999998,-0.05999999999999961,-0.07000000000000028,-0.10000000000000009,5000,-0.0600000000000005
DGS30,0,0.1299999999999999,0.10000000000000053,0.08999999999999986,0.022844,-0.04999999999999982,-0.0699999999999994,-0.09999999999999964,5000,-0.08999999999999986
DGS30,1,0.13002500000000086,0.10000000000000053,0.08999999999999987,0.02113200000000002,-0.06000000000000005,-0.07499999999999996,-0.10000000000000009,5000,-0.08999999999999986
DGS30,2,0.13999999999999968,0.11000000000000032,0.10000000000000009,0.020207000000000027,-0.0600000000000005,-0.08000000000000007,-0.10500000000000043,5000,-0.11000000000000032
DGS30,3,0.14500000000000002,0.1200000000000001,0.10499999999999976,0.02139400000000002,-0.0600000000000005,-0.08000000000000007,-0.11000000000000032,5000,-0.13000000000000034
DGS30,4,0.15000000000000036,0.125,0.11499999999999977,0.023877000000000013,-0.05999999999999961,-0.07000000000000028,-0.10999999999999943,5000,-0.10500000000000043
DGS30,5,0.15999999999999992,0.1299999999999999,0.11500000000000021,0.025700999999999988,-0.0600000000000005,-0.08000000000000007,-0.11000000000000032,5000,-0.0950000000000002
DGS30,6,0.16999999999999993,0.13999999999999968,0.11999999999999966,0.026644999999999988,-0.06000000000000029,-0.08000000000000007,-0.11499999999999977,5000,-0.08500000000000041
DGS30,7,0.17002500000000048,0.14000000000000012,0.1200000000000001,0.028258000000000012,-0.05999999999999961,-0.07499999999999996,-0.1100250000000003,5000,-0.07500000000000018
DGS30,8,0.17999999999999994,0.14500000000000024,0.1299999999999999,0.02838199999999998,-0.06000000000000005,-0.08000000000000007,-0.10999999999999943,5000,-0.10000000000000052
DGS30,9,0.18502500000000016,0.15500000000000025,0.13999999999999968,0.030701999999999997,-0.05999999999999961,-0.07500000000000018,-0.10999999999999943,5000,-0.08999999999999986
DGS30,10,0.19500000000000006,0.1599999999999997,0.13000000000000037,0.03282599999999999,-0.0600000000000005,-0.08000000000000007,-0.11499999999999999,5000,-0.05999999999999961
DGS30,11,0.19999999999999973,0.16000000000000014,0.14000000000000057,0.03427599999999998,-0.06499999999999995,-0.08000000000000007,-0.1050000000000002,5000,-0.04999999999999982
DGS30,12,0.20999999999999996,0.16000000000000014,0.14500000000000002,0.034717999999999985,-0.05999999999999961,-0.07000000000000028,-0.11000000000000032,5000,-0.07000000000000028
DGS30,13,0.20999999999999996,0.16000000000000014,0.14000000000000012,0.03827199999999997,-0.05999999999999961,-0.0799999999999994,-0.10999999999999943,5000,-0.09000000000000075
DGS30,14,0.20999999999999952,0.16999999999999993,0.14500000000000002,0.041174999999999976,-0.05999999999999983,-0.07499999999999973,-0.09999999999999964,5000,-0.10999999999999945
DGS30,15,0.20499999999999963,0.16500000000000004,0.13500000000000023,0.040910999999999975,-0.054999999999999716,-0.06999999999999984,-0.0950000000000002,5000,-0.08000000000000007
DGS5,-15,0,0,0,0,0,0,0,5000,0
DGS5,-14,0.040000000000000036,0.03000000000000025,0.02999999999999936,0.0016360000000000079,-0.020000000000000462,-0.029999999999999805,-0.040000000000000036,5000,0.00999999999999978
DGS5,-13,0.05999999999999961,0.040000000000000036,0.040000000000000036,0.0032869999999999926,-0.03500000000000014,-0.040000000000000036,-0.054999999999999494,5000,-0.02000000000000046
DGS5,-12,0.0600000000000005,0.04999999999999982,0.040000000000000036,0.004686999999999993,-0.03500000000000014,-0.040000000000000036,-0.06000000000000005,5000,0.03000000000000025
DGS5,-11,0.07499999999999996,0.06000000000000005,0.04999999999999982,0.00525399999999998,-0.04499999999999993,-0.05499999999999994,-0.07000000000000028,5000,0.00999999999999978
DGS5,-10,0.08000000000000007,0.06499999999999972,0.05999999999999983,0.0059840000000000015,-0.0499999999999996,-0.05999999999999983,-0.07999999999999918,5000,-0.00999999999999978
DGS5,-9,0.09000000000000008,0.07499999999999996,0.0600000000000005,0.003095000000000006,-0.05999999999999961,-0.0699999999999994,-0.09999999999999964,5000,0.02000000000000046
DGS5,-8,0.10000000000000053,0.08000000000000007,0.06999999999999984,0.0015780000000000214,-0.06999999999999984,-0.08000000000000007,-0.10999999999999965,5000,0
DGS5,-7,0.10502500000000096,0.08499999999999996,0.07000000000000028,-1.550000000000045e-4,-0.07499999999999973,-0.08500000000000019,-0.11502500000000021,5000,0.02000000000000046
DGS5,-6,0.1200000000000001,0.0950000000000002,0.08000000000000007,0.0018419999999999982,-0.07499999999999997,-0.08999999999999986,-0.1200000000000001,5000,0.02999999999999936
DGS5,-5,0.1299999999999999,0.10012499999999826,0.08999999999999943,0.0018979999999999774,-0.08000000000000007,-0.09499999999999975,-0.125,5000,0.01000000000000023
DGS5,-4,0.1299999999999999,0.10000000000000009,0.08499999999999996,0.0017629999999999718,-0.0850000000000002,-0.10012500000000048,-0.1299999999999999,5000,0.0299999999999998
DGS5,-3,0.135,0.10000000000000009,0.08499999999999996,-6.85999999999998e-4,-0.08999999999999986,-0.10499999999999976,-0.13999999999999968,5000,0.00999999999999978
DGS5,-2,0.1299999999999999,0.10000000000000031,0.08000000000000007,0.0012369999999999929,-0.08999999999999964,-0.10000000000000009,-0.13000000000000012,5000,-0.0600000000000005
DGS5,-1,0.14002500000000112,0.09999999999999988,0.07999999999999985,4.180000000000009e-4,-0.08000000000000007,-0.10499999999999954,-0.13999999999999968,5000,-0.10000000000000052
DGS5,0,0.14002500000000112,0.10000000000000053,0.08999999999999986,-0.002218999999999997,-0.09499999999999977,-0.1100000000000001,-0.15002500000000035,5000,-0.1299999999999999
DGS5,1,0.15000000000000036,0.115,0.09499999999999997,-0.008342999999999998,-0.10000000000000009,-0.1200000000000001,-0.15000000000000036,5000,-0.16000000000000014
DGS5,2,0.1650250000000006,0.12500000000000022,0.10000000000000009,-0.012236000000000016,-0.10499999999999998,-0.1200000000000001,-0.15999999999999992,5000,-0.1499999999999999
DGS5,3,0.17999999999999972,0.11999999999999966,0.0900000000000003,-0.012787000000000015,-0.11499999999999999,-0.1299999999999999,-0.16000000000000017,5000,-0.15000000000000036
DGS5,4,0.17502500000000057,0.1200000000000001,0.0900000000000003,-0.01214099999999999,-0.11499999999999999,-0.135,-0.16500000000000026,5000,-0.14500000000000046
DGS5,5,0.17999999999999972,0.12500000000000022,0.10000000000000009,-0.017544999999999995,-0.11500000000000021,-0.1349999999999998,-0.16000000000000014,5000,-0.16000000000000014
DGS5,6,0.17999999999999972,0.135,0.11000000000000032,-0.017277999999999998,-0.1200000000000001,-0.135,-0.16000000000000014,5000,-0.18000000000000038
DGS5,7,0.1750250000000008,0.1299999999999999,0.10999999999999989,-0.013245999999999987,-0.11499999999999977,-0.1349999999999998,-0.1699999999999997,5000,-0.2100000000000004
DGS5,8,0.17999999999999972,0.1349999999999998,0.11499999999999999,-0.012503999999999989,-0.11999999999999922,-0.13999999999999968,-0.17000000000000015,5000,-0.1900000000000004
DGS5,9,0.1850250000000006,0.14000000000000057,0.11999999999999966,-0.012574999999999994,-0.1200000000000001,-0.13999999999999968,-0.16999999999999993,5000,-0.19999999999999973
DGS5,10,0.20000000000000018,0.14999999999999947,0.11999999999999988,-0.009775999999999972,-0.1152500000000001,-0.135,-0.1749999999999996,5000,-0.18000000000000016
DGS5,11,0.20502500000000085,0.14500000000000002,0.1200000000000001,-0.009198999999999988,-0.11000000000000011,-0.13999999999999968,-0.16999999999999993,5000,-0.16000000000000014
DGS5,12,0.21999999999999975,0.15000000000000036,0.11500000000000021,-0.005026999999999979,-0.11999999999999988,-0.14000000000000012,-0.18002500000000016,5000,-0.16000000000000014
DGS5,13,0.21002500000000096,0.14512499999999842,0.125,7.840000000000266e-4,-0.1200000000000001,-0.1499999999999999,-0.1900000000000004,5000,-0.18000000000000016
DGS5,14,0.22499999999999987,0.1649999999999998,0.14000000000000012,0.0038970000000000137,-0.125,-0.1449999999999998,-0.1999999999999993,5000,-0.16000000000000014
DGS5,15,0.22502500000000064,0.16500000000000004,0.14000000000000012,0.0042620000000000175,-0.12000000000000033,-0.1449999999999998,-0.1900250000000004,5000,-0.1200000000000001
