symbol,window_index,p99_upper,p95_upper,p90_upper,placebo_mean,p90_lower,p95_lower,p99_lower,n,actual_median_abs_price_change
DFII10,-15,0,0,0,0,0,0,0,5000,0
DFII10,-14,0.05499999999999994,0.050000000000000044,0.04999999999999982,0.033519000000000014,0.020000000000000018,0.020000000000000018,0.020000000000000018,5000,0.02000000000000001
DFII10,-13,0.07999999999999985,0.07000000000000006,0.06999999999999984,0.048489000000000004,0.030000000000000138,0.030000000000000027,0.029999999999999805,5000,0.04000000000000003
DFII10,-12,0.08999999999999986,0.08000000000000007,0.07500000000000007,0.055288000000000025,0.040000000000000036,0.03500000000000003,0.030000000000000027,5000,0.05000000000000004
DFII10,-11,0.10002500000000064,0.0900000000000003,0.09000000000000008,0.06586800000000002,0.04500000000000015,0.040000000000000036,0.03500000000000003,5000,0.04000000000000003
DFII10,-10,0.11502500000000064,0.10499999999999998,0.10000000000000009,0.07378500000000003,0.050000000000000044,0.04500000000000004,0.040000000000000036,5000,0.05000000000000026
DFII10,-9,0.1200000000000001,0.1100000000000001,0.10999999999999976,0.07665800000000003,0.050000000000000044,0.04999999999999993,0.040000000000000036,5000,0.06999999999999984
DFII10,-8,0.13000000000000012,0.1200000000000001,0.1100000000000001,0.08364200000000004,0.06000000000000005,0.05500000000000005,0.04500000000000004,5000,0.08999999999999986
DFII10,-7,0.13500000000000012,0.1250000000000001,0.1200000000000001,0.09098900000000003,0.06000000000000005,0.05999999999999994,0.050000000000000044,5000,0.09999999999999988
DFII10,-6,0.15000000000000024,0.1399999999999999,0.13000000000000012,0.0981,0.06500000000000017,0.06000000000000005,0.050000000000000044,5000,0.08000000000000007
DFII10,-5,0.15500000000000014,0.14500000000000002,0.14,0.10394500000000001,0.07000000000000006,0.06500000000000006,0.06000000000000005,5000,0.08999999999999986
DFII10,-4,0.16999999999999993,0.15499999999999992,0.1499999999999999,0.10832200000000002,0.07000000000000006,0.06499999999999995,0.05500000000000005,5000,0.07999999999999963
DFII10,-3,0.17500000000000016,0.16000000000000014,0.15000000000000013,0.114013,0.07999999999999985,0.07000000000000006,0.06000000000000005,5000,0.10000000000000007
DFII10,-2,0.18000000000000016,0.16499999999999992,0.15999999999999992,0.11616100000000001,0.08000000000000007,0.07499999999999996,0.06000000000000005,5000,0.11000000000000032
DFII10,-1,0.19000000000000017,0.16999999999999993,0.15999999999999992,0.11938800000000002,0.08500000000000008,0.07999999999999996,0.060000000000000164,5000,0.13000000000000012
DFII10,0,0.19000000000000017,0.17499999999999993,0.16999999999999993,0.12396200000000002,0.08499999999999996,0.08000000000000007,0.06999999999999984,5000,0.14000000000000012
DFII10,1,0.19999999999999996,0.18000000000000005,0.17499999999999993,0.131397,0.08999999999999997,0.08000000000000007,0.06999999999999995,5000,0.1299999999999999
DFII10,2,0.20999999999999996,0.18999999999999995,0.17999999999999994,0.13251100000000002,0.09000000000000008,0.08500000000000008,0.07500000000000007,5000,0.14000000000000012
DFII10,3,0.21000000000000008,0.19012499999999832,0.18500000000000005,0.13653800000000002,0.0900000000000003,0.08500000000000008,0.07000000000000006,5000,0.14500000000000002
DFII10,4,0.22499999999999998,0.20000000000000018,0.19000000000000006,0.13834100000000002,0.09499999999999997,0.08999999999999997,0.07997499999999987,5000,0.1299999999999999
DFII10,5,0.22502500000000064,0.20999999999999974,0.18999999999999995,0.14283900000000002,0.09999999999999987,0.09000000000000008,0.07499999999999996,5000,0.1200000000000001
DFII10,6,0.22499999999999987,0.20000000000000018,0.18999999999999995,0.14402700000000002,0.10000000000000009,0.0900000000000003,0.08000000000000007,5000,0.1499999999999999
DFII10,7,0.22999999999999998,0.20999999999999996,0.19999999999999996,0.144205,0.09999999999999987,0.09000000000000008,0.07999999999999985,5000,0.14500000000000002
DFII10,8,0.22999999999999998,0.20999999999999996,0.20000000000000018,0.14849,0.10000000000000009,0.09499999999999986,0.08000000000000007,5000,0.13000000000000034
DFII10,9,0.24,0.21999999999999997,0.20499999999999996,0.153648,0.10499999999999998,0.09999999999999987,0.08999999999999986,5000,0.1499999999999999
DFII10,10,0.25,0.22999999999999998,0.2150000000000002,0.15779,0.1100000000000001,0.10000000000000009,0.09000000000000008,5000,0.18999999999999995
DFII10,11,0.26,0.22999999999999998,0.21999999999999975,0.164998,0.12,0.10999999999999999,0.0900000000000003,5000,0.18999999999999995
DFII10,12,0.2549999999999999,0.24,0.2250000000000001,0.17378500000000002,0.1200000000000001,0.10999999999999999,0.09000000000000008,5000,0.18000000000000016
DFII10,13,0.265,0.24,0.22999999999999998,0.177997,0.1250000000000001,0.1200000000000001,0.10000000000000009,5000,0.1900000000000004
DFII10,14,0.28,0.2500000000000001,0.24,0.181629,0.13000000000000012,0.1200000000000001,0.09999999999999998,5000,0.15999999999999992
DFII10,15,0.28,0.255,0.2400000000000002,0.188701,0.13000000000000034,0.12499999999999989,0.10497499999999987,5000,0.18999999999999995
DFII20,-15,0,0,0,0,0,0,0,5000,0
DFII20,-14,0.050000000000000044,0.04499999999999993,0.040000000000000036,0.03126899999999999,0.020000000000000018,0.020000000000000018,0.019999999999999796,5000,0.0299999999999998
DFII20,-13,0.06999999999999984,0.06000000000000005,0.06000000000000005,0.044750000000000005,0.030000000000000027,0.029999999999999805,0.020000000000000018,5000,0.04999999999999982
DFII20,-12,0.08000000000000007,0.07000000000000028,0.06999999999999995,0.050374,0.030000000000000138,0.030000000000000027,0.025000000000000022,5000,0.05000000000000026
DFII20,-11,0.09499999999999986,0.08499999999999996,0.08000000000000007,0.058694,0.040000000000000036,0.040000000000000036,0.030000000000000027,5000,0.04000000000000003
DFII20,-10,0.10000000000000009,0.0900000000000003,0.08999999999999986,0.06581100000000001,0.04499999999999993,0.040000000000000036,0.03000000000000025,5000,0.05000000000000004
DFII20,-9,0.10999999999999988,0.09500000000000008,0.09000000000000008,0.07069100000000002,0.050000000000000044,0.04999999999999982,0.040000000000000036,5000,0.07000000000000028
DFII20,-8,0.12002500000000065,0.10999999999999988,0.10000000000000009,0.076029,0.050000000000000266,0.050000000000000044,0.040000000000000036,5000,0.08999999999999986
DFII20,-7,0.1299999999999999,0.1150000000000001,0.10999999999999988,0.08425200000000001,0.06000000000000005,0.050000000000000266,0.04499999999999993,5000,0.08999999999999986
DFII20,-6,0.13002500000000086,0.1200000000000001,0.11999999999999977,0.08885300000000002,0.06000000000000005,0.05999999999999961,0.04499999999999993,5000,0.08999999999999986
DFII20,-5,0.1499999999999999,0.1299999999999999,0.1200000000000001,0.09386800000000001,0.06499999999999995,0.06000000000000005,0.04999999999999982,5000,0.08999999999999986
DFII20,-4,0.15500000000000014,0.14,0.13000000000000012,0.09790499999999999,0.06499999999999995,0.06000000000000005,0.050000000000000266,5000,0.06000000000000005
DFII20,-3,0.1599999999999997,0.14000000000000012,0.13999999999999968,0.10225700000000001,0.07000000000000006,0.06500000000000006,0.05500000000000004,5000,0.06999999999999984
DFII20,-2,0.1600250000000007,0.1499999999999999,0.1399999999999999,0.10344499999999998,0.07000000000000017,0.06500000000000017,0.05500000000000005,5000,0.10999999999999988
DFII20,-1,0.16000000000000014,0.1499999999999999,0.14000000000000012,0.10618999999999999,0.07499999999999984,0.06999999999999984,0.06000000000000005,5000,0.1299999999999999
DFII20,0,0.1650250000000007,0.1499999999999999,0.14000000000000012,0.108951,0.07499999999999996,0.06999999999999984,0.05999999999999994,5000,0.11999999999999966
DFII20,1,0.17000000000000004,0.1599999999999997,0.1499999999999999,0.11170199999999998,0.07500000000000018,0.07000000000000006,0.06000000000000005,5000,0.1399999999999999
DFII20,2,0.17999999999999994,0.15999999999999992,0.15000000000000002,0.11597199999999999,0.08000000000000007,0.07499999999999996,0.06000000000000005,5000,0.1399999999999999
DFII20,3,0.18499999999999994,0.16499999999999992,0.15999999999999992,0.118934,0.08000000000000007,0.07500000000000018,0.06000000000000005,5000,0.14500000000000002
DFII20,4,0.18999999999999995,0.17000000000000015,0.16000000000000014,0.119665,0.08499999999999996,0.07999999999999985,0.06000000000000005,5000,0.125
DFII20,5,0.19999999999999996,0.17999999999999972,0.16999999999999982,0.12455999999999999,0.08499999999999996,0.07999999999999974,0.06500000000000006,5000,0.10999999999999988
DFII20,6,0.19999999999999996,0.18499999999999972,0.17499999999999982,0.126192,0.08000000000000007,0.07000000000000028,0.06000000000000005,5000,0.1399999999999999
DFII20,7,0.20000000000000018,0.18512499999999832,0.17999999999999994,0.12364900000000001,0.08499999999999996,0.07999999999999985,0.06000000000000005,5000,0.1399999999999999
DFII20,8,0.20500000000000007,0.18500000000000005,0.17500000000000004,0.12839899999999999,0.08000000000000007,0.07500000000000018,0.06000000000000005,5000,0.1499999999999999
DFII20,9,0.21000000000000008,0.18999999999999995,0.18000000000000016,0.13522,0.08999999999999997,0.08000000000000007,0.06499999999999995,5000,0.1299999999999999
DFII20,10,0.21499999999999986,0.19012499999999855,0.18500000000000005,0.13924399999999998,0.0900000000000003,0.08499999999999985,0.07000000000000006,5000,0.16000000000000014
DFII20,11,0.21999999999999997,0.20000000000000007,0.1900000000000004,0.142394,0.09499999999999975,0.08499999999999996,0.07499999999999996,5000,0.1499999999999999
DFII20,12,0.235,0.20999999999999996,0.19999999999999984,0.144062,0.09000000000000019,0.08500000000000008,0.07500000000000018,5000,0.14000000000000012
DFII20,13,0.23502500000000062,0.20999999999999996,0.20000000000000007,0.147504,0.09999999999999987,0.09000000000000008,0.07499999999999996,5000,0.14000000000000012
DFII20,14,0.24499999999999988,0.21999999999999975,0.20000000000000018,0.149762,0.09999999999999998,0.09000000000000008,0.08000000000000007,5000,0.1200000000000001
DFII20,15,0.2499999999999999,0.22000000000000008,0.20999999999999996,0.154303,0.10499999999999976,0.09999999999999964,0.08000000000000007,5000,0.16000000000000014
DFII30,-15,0,0,0,0,0,0,0,5000,0
DFII30,-14,0.04999999999999982,0.040000000000000036,0.040000000000000036,0.029418,0.020000000000000018,0.020000000000000018,0.019999999999999796,5000,0.0299999999999998
DFII30,-13,0.06999999999999984,0.06000000000000005,0.06000000000000005,0.04227700000000001,0.029999999999999805,0.029999999999999805,0.020000000000000018,5000,0.04000000000000003
DFII30,-12,0.07999999999999985,0.07000000000000006,0.06999999999999984,0.04817300000000002,0.030000000000000027,0.029999999999999805,0.020000000000000018,5000,0.05000000000000026
DFII30,-11,0.08999999999999986,0.08000000000000007,0.07499999999999996,0.05533100000000001,0.039999999999999925,0.03000000000000025,0.029999999999999916,5000,0.04000000000000003
DFII30,-10,0.09500000000000008,0.08500000000000019,0.08000000000000007,0.062647,0.040000000000000036,0.040000000000000036,0.03000000000000025,5000,0.04999999999999982
DFII30,-9,0.10499999999999998,0.09000000000000008,0.08999999999999986,0.06724400000000001,0.04999999999999982,0.04499999999999993,0.03500000000000014,5000,0.07000000000000028
DFII30,-8,0.11499999999999988,0.10499999999999998,0.10000000000000009,0.072603,0.050000000000000044,0.04999999999999982,0.040000000000000036,5000,0.08000000000000007
DFII30,-7,0.1200000000000001,0.10999999999999988,0.10000000000000009,0.07847400000000002,0.050000000000000155,0.04500000000000004,0.040000000000000036,5000,0.10000000000000007
DFII30,-6,0.1299999999999999,0.11999999999999988,0.1100000000000001,0.08169100000000003,0.05499999999999994,0.04999999999999993,0.040000000000000036,5000,0.0900000000000003
DFII30,-5,0.135,0.12499999999999989,0.11999999999999988,0.088136,0.06000000000000005,0.05499999999999994,0.04499999999999993,5000,0.07000000000000028
DFII30,-4,0.1399999999999999,0.1299999999999999,0.1200000000000001,0.091146,0.06499999999999995,0.06000000000000005,0.04999999999999993,5000,0.06000000000000005
DFII30,-3,0.14000000000000012,0.13,0.125,0.094612,0.06499999999999995,0.06000000000000005,0.04999999999999993,5000,0.07000000000000028
DFII30,-2,0.15000000000000036,0.13,0.125,0.09446800000000001,0.06499999999999995,0.05999999999999994,0.04999999999999982,5000,0.10000000000000007
DFII30,-1,0.1499999999999999,0.1399999999999999,0.1299999999999999,0.09582200000000002,0.06999999999999984,0.06000000000000005,0.050000000000000266,5000,0.1200000000000001
DFII30,0,0.1500250000000009,0.1399999999999999,0.1299999999999999,0.09832100000000002,0.06499999999999995,0.06000000000000005,0.050000000000000044,5000,0.1100000000000001
DFII30,1,0.16499999999999992,0.14000000000000012,0.13500000000000012,0.09862900000000002,0.06999999999999984,0.06000000000000005,0.050000000000000266,5000,0.13999999999999968
DFII30,2,0.16000000000000014,0.14500000000000002,0.14,0.10397700000000001,0.07500000000000007,0.06999999999999995,0.05500000000000016,5000,0.1299999999999999
DFII30,3,0.16999999999999993,0.1549999999999998,0.1499999999999999,0.10803800000000002,0.06999999999999995,0.06499999999999995,0.05999999999999994,5000,0.13000000000000012
DFII30,4,0.18000000000000016,0.15999999999999992,0.1499999999999999,0.11000100000000002,0.07499999999999996,0.06999999999999995,0.05999999999999994,5000,0.1100000000000001
DFII30,5,0.18000000000000016,0.1649999999999998,0.15500000000000003,0.11380900000000001,0.07499999999999996,0.06999999999999984,0.06000000000000005,5000,0.0950000000000002
DFII30,6,0.18999999999999995,0.16999999999999993,0.15999999999999992,0.11651900000000001,0.07000000000000017,0.06500000000000017,0.05500000000000005,5000,0.125
DFII30,7,0.18502500000000072,0.16999999999999993,0.15999999999999992,0.11594500000000002,0.07500000000000018,0.06999999999999995,0.05999999999999983,5000,0.1449999999999998
DFII30,8,0.18999999999999995,0.17000000000000015,0.16500000000000004,0.120149,0.07500000000000007,0.06500000000000017,0.05500000000000005,5000,0.1299999999999999
DFII30,9,0.19500000000000006,0.17999999999999994,0.16999999999999993,0.124911,0.07999999999999985,0.06999999999999995,0.05999999999999983,5000,0.10999999999999988
DFII30,10,0.19999999999999996,0.18499999999999994,0.17999999999999972,0.127923,0.08000000000000007,0.07000000000000006,0.06000000000000005,5000,0.13999999999999968
DFII30,11,0.20500000000000007,0.18999999999999995,0.18499999999999994,0.13203700000000002,0.08000000000000007,0.07500000000000007,0.06000000000000005,5000,0.14000000000000012
DFII30,12,0.21499999999999986,0.19499999999999984,0.18000000000000016,0.133418,0.08499999999999996,0.07999999999999985,0.06000000000000005,5000,0.13000000000000034
DFII30,13,0.21499999999999986,0.19000000000000017,0.18000000000000016,0.134212,0.08999999999999986,0.08000000000000007,0.06499999999999995,5000,0.1499999999999999
DFII30,14,0.2200000000000002,0.20500000000000007,0.19499999999999995,0.133779,0.08999999999999986,0.08000000000000007,0.07000000000000006,5000,0.13000000000000012
DFII30,15,0.22999999999999998,0.20499999999999985,0.1900000000000004,0.138988,0.08999999999999986,0.08000000000000007,0.06499999999999995,5000,0.17999999999999972
DFII5,-15,0,0,0,0,0,0,0,5000,0
DFII5,-14,0.06000000000000005,0.050000000000000044,0.050000000000000044,0.035894,0.020000000000000018,0.020000000000000018,0.020000000000000018,5000,0.03000000000000002
DFII5,-13,0.08500000000000008,0.07999999999999985,0.07000000000000006,0.052287000000000014,0.030000000000000027,0.030000000000000027,0.029999999999999916,5000,0.03999999999999981
DFII5,-12,0.10000000000000009,0.08999999999999997,0.08500000000000008,0.06364500000000002,0.04499999999999993,0.040000000000000036,0.030000000000000027,5000,0.07000000000000006
DFII5,-11,0.11999999999999988,0.10999999999999988,0.10000000000000009,0.07473900000000003,0.050000000000000044,0.04999999999999982,0.040000000000000036,5000,0.07000000000000006
DFII5,-10,0.1299999999999999,0.1150000000000001,0.1100000000000001,0.08178900000000001,0.05499999999999994,0.050000000000000044,0.040000000000000036,5000,0.05000000000000004
DFII5,-9,0.13000000000000012,0.12499999999999989,0.12,0.08551400000000003,0.05500000000000016,0.050000000000000044,0.04499999999999993,5000,0.08000000000000007
DFII5,-8,0.1499999999999999,0.1349999999999999,0.1299999999999999,0.09181400000000002,0.06000000000000005,0.05500000000000005,0.049974999999999825,5000,0.09000000000000008
DFII5,-7,0.15000000000000002,0.1399999999999999,0.13000000000000012,0.09673500000000002,0.06999999999999984,0.06000000000000005,0.050000000000000155,5000,0.06999999999999984
DFII5,-6,0.16999999999999993,0.1499999999999999,0.1399999999999999,0.10060600000000001,0.06999999999999984,0.06000000000000005,0.05499999999999994,5000,0.08000000000000007
DFII5,-5,0.17499999999999982,0.15500000000000003,0.1499999999999999,0.10789800000000002,0.07000000000000006,0.06500000000000006,0.05500000000000005,5000,0.10000000000000007
DFII5,-4,0.18999999999999995,0.16512499999999833,0.1599999999999997,0.11472600000000002,0.07999999999999974,0.07000000000000006,0.06000000000000005,5000,0.1100000000000001
DFII5,-3,0.18999999999999995,0.17999999999999994,0.16999999999999982,0.12128100000000001,0.08000000000000007,0.07000000000000006,0.06000000000000005,5000,0.1200000000000001
DFII5,-2,0.18999999999999995,0.17500000000000004,0.16999999999999993,0.12673600000000002,0.08999999999999986,0.08000000000000007,0.06999999999999984,5000,0.1299999999999999
DFII5,-1,0.2050250000000005,0.18000000000000016,0.17000000000000026,0.12907000000000002,0.09000000000000019,0.08999999999999986,0.07499999999999996,5000,0.14000000000000012
DFII5,0,0.21000000000000008,0.18999999999999995,0.17999999999999994,0.13354200000000002,0.0900000000000003,0.08999999999999986,0.07999999999999985,5000,0.1299999999999999
DFII5,1,0.20999999999999996,0.19999999999999973,0.18999999999999995,0.143879,0.10000000000000009,0.09000000000000008,0.08000000000000007,5000,0.14000000000000012
DFII5,2,0.21499999999999997,0.19999999999999996,0.19000000000000017,0.150626,0.10000000000000009,0.09499999999999997,0.08000000000000007,5000,0.1299999999999999
DFII5,3,0.22499999999999998,0.20999999999999996,0.19999999999999996,0.15538600000000002,0.10999999999999999,0.10000000000000009,0.08999999999999986,5000,0.15499999999999992
DFII5,4,0.235,0.21000000000000008,0.19999999999999996,0.15565700000000002,0.1100000000000001,0.10499999999999998,0.09000000000000008,5000,0.14500000000000002
DFII5,5,0.2400000000000001,0.21999999999999997,0.2100000000000002,0.159979,0.11499999999999988,0.10499999999999998,0.08500000000000008,5000,0.12
DFII5,6,0.2499999999999999,0.22999999999999998,0.21999999999999997,0.163806,0.1050000000000001,0.09999999999999987,0.08000000000000007,5000,0.17000000000000004
DFII5,7,0.2599999999999998,0.2300000000000001,0.22499999999999998,0.166415,0.1100000000000001,0.10000000000000009,0.08000000000000007,5000,0.17499999999999993
DFII5,8,0.27,0.2301249999999984,0.2200000000000002,0.16869599999999998,0.11000000000000032,0.1050000000000001,0.08499999999999996,5000,0.14000000000000012
DFII5,9,0.27,0.2400000000000002,0.22999999999999998,0.17418799999999998,0.11499999999999999,0.1050000000000002,0.08500000000000008,5000,0.16999999999999993
DFII5,10,0.27,0.25,0.24,0.181115,0.1299999999999999,0.12,0.10000000000000009,5000,0.20000000000000015
DFII5,11,0.2849999999999999,0.26,0.25,0.187069,0.135,0.125,0.10999999999999988,5000,0.22999999999999976
DFII5,12,0.29500000000000004,0.27000000000000013,0.26,0.194898,0.13999999999999987,0.12500000000000022,0.10499999999999998,5000,0.24
DFII5,13,0.30000000000000004,0.27,0.2649999999999999,0.200465,0.13500000000000012,0.125,0.10499999999999998,5000,0.23
DFII5,14,0.30000000000000004,0.2849999999999999,0.27,0.203997,0.13500000000000012,0.125,0.10999999999999988,5000,0.20999999999999996
DFII5,15,0.30999999999999994,0.2899999999999998,0.275,0.206594,0.14000000000000012,0.13000000000000023,0.1050000000000002,5000,0.20000000000000015
DGS1,-15,0,0,0,0,0,0,0,5000,0
DGS1,-14,0.040000000000000036,0.040000000000000036,0.03500000000000014,0.025059000000000067,0.019999999999999574,0.014874999999999748,0.009999999999999787,5000,0.02000000000000046
DGS1,-13,0.05999999999999961,0.04999999999999982,0.04999999999999982,0.03340100000000005,0.020000000000000462,0.020000000000000018,0.019999999999999574,5000,0.03000000000000025
DGS1,-12,0.07000000000000028,0.0600000000000005,0.05999999999999961,0.04000300000000004,0.02999999999999936,0.020000000000000462,0.020000000000000236,5000,0.04999999999999982
DGS1,-11,0.08499999999999996,0.07499999999999996,0.06999999999999984,0.049145999999999995,0.03000000000000025,0.03000000000000025,0.020000000000000462,5000,0.04000000000000003
DGS1,-10,0.09999999999999964,0.08499999999999996,0.08000000000000007,0.05502300000000003,0.03000000000000025,0.03000000000000025,0.025000000000000355,5000,0.05999999999999961
DGS1,-9,0.10999999999999943,0.09000000000000075,0.08999999999999986,0.06243900000000003,0.040000000000000036,0.03500000000000014,0.030000000000000245,5000,0.04000000000000003
DGS1,-8,0.11000000000000032,0.09999999999999964,0.09000000000000075,0.06479800000000001,0.040000000000000036,0.040000000000000036,0.03000000000000025,5000,0.05000000000000026
DGS1,-7,0.1200000000000001,0.10999999999999988,0.10000000000000009,0.06994300000000005,0.04499999999999993,0.040000000000000036,0.03500000000000014,5000,0.04999999999999982
DGS1,-6,0.1299999999999999,0.11012499999999847,0.10999999999999943,0.07647900000000002,0.04999999999999982,0.04499999999999993,0.040000000000000036,5000,0.06999999999999984
DGS1,-5,0.13500000000000023,0.12499999999999956,0.11500000000000021,0.08163600000000001,0.050000000000000266,0.04999999999999982,0.040000000000000036,5000,0.07000000000000028
DGS1,-4,0.1499999999999997,0.1349999999999998,0.1200000000000001,0.08307800000000001,0.05000000000000048,0.04999999999999982,0.040000000000000036,5000,0.08000000000000007
DGS1,-3,0.16000000000000014,0.13999999999999968,0.12500000000000022,0.08674400000000003,0.050000000000000266,0.04999999999999982,0.040000000000000036,5000,0.07000000000000028
DGS1,-2,0.16999999999999993,0.14000000000000012,0.135,0.09181000000000004,0.05999999999999961,0.05000000000000071,0.04999999999999982,5000,0.10000000000000007
DGS1,-1,0.17999999999999972,0.16000000000000014,0.14500000000000002,0.09728100000000003,0.05999999999999961,0.050000000000000704,0.04499999999999993,5000,0.10999999999999945
DGS1,0,0.1900000000000004,0.16000000000000014,0.1499999999999999,0.09853500000000004,0.05999999999999961,0.050000000000000266,0.04499999999999993,5000,0.1200000000000001
DGS1,1,0.19999999999999996,0.16500000000000004,0.15500000000000025,0.10216000000000003,0.0600000000000005,0.05999999999999961,0.04999999999999982,5000,0.1200000000000001
DGS1,2,0.20999999999999996,0.17000000000000082,0.16000000000000014,0.10689600000000003,0.06500000000000017,0.05999999999999983,0.04999999999999982,5000,0.11000000000000032
DGS1,3,0.21999999999999975,0.18000000000000016,0.16999999999999993,0.11397099999999999,0.07000000000000028,0.06499999999999995,0.054999999999999716,5000,0.10000000000000052
DGS1,4,0.2250000000000001,0.1900000000000004,0.17499999999999982,0.12139500000000002,0.07499999999999973,0.06500000000000017,0.05000000000000071,5000,0.08999999999999986
DGS1,5,0.23000000000000043,0.20000000000000018,0.18000000000000016,0.126411,0.08000000000000007,0.07000000000000028,0.05000000000000071,5000,0.1200000000000001
DGS1,6,0.23999999999999932,0.2000000000000004,0.18499999999999983,0.13161299999999998,0.08499999999999996,0.07500000000000018,0.0600000000000005,5000,0.14000000000000012
DGS1,7,0.23000000000000043,0.20999999999999996,0.19500000000000006,0.13535300000000003,0.08999999999999986,0.07499999999999996,0.05999999999999983,5000,0.1499999999999997
DGS1,8,0.250025000000001,0.21499999999999986,0.20000000000000018,0.143341,0.08499999999999996,0.08000000000000007,0.0600000000000005,5000,0.15000000000000036
DGS1,9,0.2600000000000007,0.2250000000000001,0.20999999999999977,0.145721,0.09000000000000008,0.08487499999999981,0.07000000000000028,5000,0.17999999999999972
DGS1,10,0.26502500000000084,0.22999999999999998,0.21499999999999986,0.14957,0.09474999999999989,0.08499999999999996,0.07499999999999973,5000,0.18999999999999995
DGS1,11,0.2749999999999999,0.23500000000000032,0.22499999999999964,0.15486100000000003,0.09999999999999964,0.08999999999999986,0.07500000000000018,5000,0.16000000000000014
DGS1,12,0.2799999999999998,0.2450000000000001,0.22999999999999998,0.15898500000000002,0.10499999999999976,0.0950000000000002,0.07500000000000018,5000,0.16999999999999993
DGS1,13,0.30000000000000027,0.25,0.23000000000000043,0.161116,0.10499999999999998,0.09499999999999997,0.08000000000000007,5000,0.16000000000000014
DGS1,14,0.2999999999999998,0.25,0.22999999999999998,0.16343300000000002,0.10499999999999976,0.0950000000000002,0.08000000000000007,5000,0.14000000000000057
DGS1,15,0.30000000000000027,0.2550000000000001,0.23999999999999977,0.16514600000000002,0.10999999999999988,0.10000000000000009,0.08499999999999996,5000,0.16000000000000014
DGS10,-15,0,0,0,0,0,0,0,5000,0
DGS10,-14,0.07000000000000006,0.06000000000000005,0.05500000000000016,0.041801000000000026,0.03000000000000025,0.029999999999999805,0.020000000000000462,5000,0.0299999999999998
DGS10,-13,0.09500000000000042,0.08999999999999986,0.08499999999999996,0.060028,0.040000000000000036,0.03500000000000014,0.03000000000000025,5000,0.05999999999999961
DGS10,-12,0.10999999999999988,0.09999999999999987,0.09499999999999975,0.067914,0.04499999999999993,0.040000000000000036,0.03000000000000025,5000,0.0600000000000005
DGS10,-11,0.125,0.11512499999999837,0.1100000000000001,0.07960999999999996,0.050000000000000266,0.04999999999999982,0.04497499999999993,5000,0.05000000000000071
DGS10,-10,0.14000000000000012,0.125,0.1200000000000001,0.08803499999999999,0.06000000000000005,0.05499999999999994,0.04999999999999982,5000,0.0699999999999994
DGS10,-9,0.15500000000000003,0.13999999999999968,0.1299999999999999,0.09620599999999999,0.06500000000000039,0.060000000000000275,0.05000000000000049,5000,0.09999999999999964
DGS10,-8,0.16500000000000004,0.15000000000000036,0.14500000000000002,0.11017700000000001,0.07499999999999996,0.06999999999999984,0.05999999999999961,5000,0.09999999999999964
DGS10,-7,0.17999999999999972,0.16999999999999993,0.16000000000000014,0.12173399999999998,0.08499999999999996,0.08000000000000007,0.06999999999999984,5000,0.08000000000000007
DGS10,-6,0.19499999999999984,0.17999999999999972,0.16999999999999993,0.13163899999999998,0.08999999999999986,0.08000000000000007,0.07500000000000018,5000,0.08999999999999986
DGS10,-5,0.20500000000000007,0.1899999999999995,0.17999999999999972,0.136737,0.0900000000000003,0.08499999999999995,0.07000000000000028,5000,0.09000000000000075
DGS10,-4,0.21502500000000038,0.19512499999999844,0.1899999999999995,0.142089,0.09999999999999964,0.08999999999999986,0.07000000000000006,5000,0.08999999999999986
DGS10,-3,0.2200000000000002,0.20500000000000007,0.19499999999999984,0.145256,0.10000000000000009,0.09499999999999975,0.08000000000000007,5000,0.13999999999999968
DGS10,-2,0.23999999999999932,0.21999999999999975,0.20500000000000007,0.14726100000000003,0.10000000000000009,0.08999999999999986,0.08000000000000007,5000,0.16999999999999993
DGS10,-1,0.2450000000000001,0.2200000000000002,0.20999999999999996,0.15428599999999998,0.10000000000000009,0.0900000000000003,0.07997499999999964,5000,0.16000000000000014
DGS10,0,0.2549999999999999,0.22999999999999976,0.21999999999999975,0.157736,0.10000000000000053,0.09499999999999975,0.08000000000000007,5000,0.13999999999999968
DGS10,1,0.2600250000000012,0.23500000000000032,0.2250000000000001,0.159544,0.10999999999999943,0.09999999999999987,0.08499999999999996,5000,0.17999999999999972
DGS10,2,0.27,0.23500000000000032,0.22000000000000064,0.16513799999999998,0.10999999999999988,0.10000000000000009,0.08000000000000007,5000,0.17999999999999972
DGS10,3,0.27000000000000046,0.24999999999999956,0.22999999999999998,0.170224,0.11000000000000032,0.10000000000000053,0.08999999999999986,5000,0.1850000000000005
DGS10,4,0.29000000000000004,0.2550000000000001,0.2400000000000002,0.173335,0.11000000000000032,0.09999999999999987,0.08000000000000007,5000,0.1850000000000005
DGS10,5,0.29000000000000004,0.2599999999999998,0.2400000000000002,0.176359,0.11999999999999966,0.10999999999999988,0.0900000000000003,5000,0.16999999999999993
DGS10,6,0.29000000000000004,0.2599999999999998,0.24499999999999988,0.179037,0.11999999999999966,0.1100000000000001,0.0900000000000003,5000,0.20999999999999996
DGS10,7,0.3000250000000008,0.26000000000000023,0.25,0.176775,0.1200000000000001,0.10999999999999988,0.09497499999999975,5000,0.19500000000000028
DGS10,8,0.30499999999999994,0.2699999999999996,0.24500000000000033,0.177297,0.1200000000000001,0.11000000000000032,0.09997499999999965,5000,0.20000000000000015
DGS10,9,0.31000000000000005,0.2749999999999999,0.2550000000000001,0.18183000000000002,0.1200000000000001,0.11000000000000032,0.09997499999999965,5000,0.20000000000000015
DGS10,10,0.31499999999999995,0.28000000000000025,0.26000000000000023,0.186311,0.125,0.11999999999999988,0.09999999999999964,5000,0.1900000000000004
DGS10,11,0.3249999999999995,0.2899999999999998,0.2650000000000001,0.193237,0.13000000000000078,0.1200000000000001,0.1050000000000002,5000,0.23000000000000043
DGS10,12,0.3350000000000002,0.29499999999999993,0.27500000000000013,0.20141,0.13999999999999968,0.1299999999999999,0.10000000000000053,5000,0.21999999999999975
DGS10,13,0.3250000000000002,0.29499999999999993,0.28500000000000014,0.210304,0.1349999999999998,0.125,0.1050000000000002,5000,0.20999999999999996
DGS10,14,0.3500000000000001,0.3150000000000004,0.2999999999999998,0.21553,0.1399999999999999,0.1299999999999999,0.11000000000000032,5000,0.20999999999999996
DGS10,15,0.34999999999999987,0.3200000000000003,0.30999999999999983,0.221511,0.14999999999999947,0.1299999999999999,0.10999999999999988,5000,0.2400000000000002
DGS20,-15,0,0,0,0,0,0,0,5000,0
DGS20,-14,0.0600000000000005,0.05999999999999961,0.05000000000000071,0.03810800000000003,0.02999999999999936,0.024999999999999467,0.020000000000000018,5000,0.03000000000000025
DGS20,-13,0.08999999999999986,0.08000000000000007,0.08000000000000007,0.05647099999999997,0.040000000000000036,0.03000000000000025,0.02999999999999936,5000,0.05999999999999961
DGS20,-12,0.10999999999999943,0.09499999999999997,0.08999999999999986,0.06224399999999998,0.040000000000000036,0.03999999999999959,0.03000000000000025,5000,0.07000000000000028
DGS20,-11,0.1200000000000001,0.10999999999999965,0.10000000000000053,0.07439,0.04999999999999982,0.040000000000000036,0.040000000000000036,5000,0.05999999999999961
DGS20,-10,0.13000000000000078,0.1200000000000001,0.11000000000000032,0.08146500000000002,0.055000000000000375,0.05000000000000049,0.04499999999999993,5000,0.08000000000000007
DGS20,-9,0.14499999999999957,0.1299999999999999,0.1200000000000001,0.08956200000000004,0.0600000000000005,0.06000000000000005,0.04999999999999982,5000,0.11000000000000032
DGS20,-8,0.15500000000000025,0.14000000000000012,0.13500000000000023,0.10140000000000005,0.07000000000000027,0.06499999999999995,0.05999999999999961,5000,0.10999999999999945
DGS20,-7,0.16500000000000004,0.15000000000000013,0.14499999999999957,0.11341400000000006,0.08000000000000007,0.07500000000000018,0.06499999999999995,5000,0.09000000000000075
DGS20,-6,0.17999999999999972,0.16999999999999993,0.16000000000000014,0.12128700000000003,0.08499999999999996,0.08000000000000007,0.0699749999999994,5000,0.08999999999999986
DGS20,-5,0.18999999999999995,0.17999999999999972,0.16999999999999993,0.12705100000000003,0.08499999999999996,0.08000000000000007,0.06499999999999995,5000,0.10999999999999945
DGS20,-4,0.20000000000000018,0.18000000000000016,0.16999999999999993,0.13211700000000007,0.08999999999999986,0.08000000000000007,0.06999999999999984,5000,0.1200000000000001
DGS20,-3,0.20999999999999996,0.18999999999999995,0.18000000000000016,0.13498800000000002,0.09499999999999975,0.08999999999999986,0.07000000000000028,5000,0.1200000000000001
DGS20,-2,0.2150000000000003,0.19999999999999996,0.1899999999999995,0.13765400000000005,0.09499999999999975,0.08499999999999996,0.07000000000000028,5000,0.15000000000000036
DGS20,-1,0.2200000000000002,0.20000000000000018,0.1900000000000004,0.14233300000000007,0.0900000000000003,0.08499999999999996,0.07497499999999974,5000,0.16999999999999993
DGS20,0,0.22999999999999954,0.20999999999999996,0.20000000000000018,0.14510100000000004,0.0950000000000002,0.08999999999999986,0.07497499999999974,5000,0.15000000000000036
DGS20,1,0.24000000000000002,0.20999999999999996,0.20000000000000018,0.14685000000000004,0.0950000000000002,0.08999999999999986,0.07500000000000018,5000,0.16000000000000014
DGS20,2,0.23999999999999977,0.21499999999999986,0.20500000000000007,0.15000000000000005,0.10499999999999998,0.09500000000000042,0.08497499999999997,5000,0.1900000000000004
DGS20,3,0.25502500000000045,0.22499999999999964,0.20999999999999996,0.15439000000000005,0.10999999999999943,0.09999999999999964,0.08000000000000007,5000,0.18500000000000005
DGS20,4,0.2599999999999998,0.22999999999999998,0.21999999999999975,0.15959300000000004,0.10999999999999988,0.09999999999999987,0.08499999999999996,5000,0.18000000000000016
DGS20,5,0.26,0.23000000000000043,0.2200000000000002,0.16203599999999999,0.11000000000000032,0.10499999999999998,0.09000000000000075,5000,0.1549999999999998
DGS20,6,0.27,0.23500000000000032,0.2200000000000002,0.16557899999999998,0.11500000000000021,0.10999999999999943,0.08999999999999986,5000,0.16500000000000004
DGS20,7,0.2699999999999996,0.23999999999999977,0.2200000000000002,0.16508599999999998,0.10999999999999988,0.09999999999999964,0.08499999999999996,5000,0.19500000000000006
DGS20,8,0.2650000000000001,0.2400000000000002,0.22999999999999998,0.16682,0.11000000000000032,0.10000000000000053,0.08999999999999986,5000,0.1899999999999995
DGS20,9,0.2800250000000008,0.2450000000000001,0.22999999999999998,0.17206299999999997,0.11499999999999999,0.10499999999999998,0.08999999999999986,5000,0.1800000000000006
DGS20,10,0.2849999999999997,0.25500000000000034,0.24499999999999966,0.17565699999999995,0.11999999999999922,0.10999999999999943,0.08999999999999986,5000,0.20000000000000015
DGS20,11,0.2999999999999998,0.2601249999999984,0.24499999999999988,0.17866899999999997,0.12500000000000042,0.11999999999999988,0.10000000000000009,5000,0.20999999999999996
DGS20,12,0.29499999999999993,0.26500000000000035,0.25,0.181825,0.1200000000000001,0.11000000000000032,0.09999999999999964,5000,0.20999999999999996
DGS20,13,0.3050250000000005,0.2699999999999996,0.25,0.184961,0.12499999999999956,0.11499999999999976,0.09500000000000064,5000,0.23999999999999932
DGS20,14,0.3099999999999996,0.28500000000000014,0.2699999999999996,0.187737,0.1299999999999999,0.1200000000000001,0.09999999999999964,5000,0.20999999999999996
DGS20,15,0.31499999999999995,0.28000000000000025,0.27,0.193099,0.1200000000000001,0.11499999999999977,0.09499999999999975,5000,0.25
DGS30,-15,0,0,0,0,0,0,0,5000,0
DGS30,-14,0.05999999999999961,0.054999999999999716,0.050000000000000044,0.038127000000000015,0.025000000000000355,0.020000000000000462,0.020000000000000462,5000,0.04000000000000003
DGS30,-13,0.08499999999999996,0.08000000000000007,0.07499999999999996,0.05549200000000001,0.040000000000000036,0.03000000000000025,0.02999999999999936,5000,0.04999999999999982
DGS30,-12,0.10499999999999998,0.0950000000000002,0.08999999999999986,0.062106000000000015,0.040000000000000036,0.03500000000000014,0.03000000000000025,5000,0.05999999999999961
DGS30,-11,0.1199999999999999,0.10999999999999943,0.10000000000000031,0.073746,0.04999999999999982,0.040000000000000036,0.03500000000000014,5000,0.0600000000000005
DGS30,-10,0.1299999999999999,0.11999999999999988,0.10999999999999988,0.08218900000000004,0.05499999999999994,0.04999999999999982,0.040000000000000036,5000,0.08000000000000007
DGS30,-9,0.14000000000000057,0.1299999999999999,0.1200000000000001,0.08945800000000004,0.0600000000000005,0.05999999999999961,0.050000000000000266,5000,0.08999999999999986
DGS30,-8,0.15002500000000088,0.13999999999999968,0.13000000000000078,0.10132000000000002,0.07000000000000028,0.06999999999999984,0.05999999999999961,5000,0.08000000000000007
DGS30,-7,0.16500000000000004,0.15000000000000036,0.14500000000000046,0.111972,0.08000000000000007,0.07000000000000028,0.0600000000000005,5000,0.08999999999999986
DGS30,-6,0.18000000000000016,0.16500000000000004,0.15500000000000025,0.11744700000000005,0.08000000000000007,0.07500000000000018,0.06500000000000017,5000,0.08999999999999986
DGS30,-5,0.18999999999999995,0.17512499999999842,0.16999999999999993,0.12279200000000001,0.08499999999999996,0.07999999999999963,0.06499999999999972,5000,0.10000000000000007
DGS30,-4,0.19002500000000094,0.17999999999999972,0.16999999999999993,0.128503,0.08499999999999974,0.07500000000000039,0.06499999999999995,5000,0.10000000000000007
DGS30,-3,0.20002500000000073,0.18500000000000005,0.17000000000000037,0.129271,0.08999999999999986,0.08499999999999996,0.07000000000000028,5000,0.10000000000000052
DGS30,-2,0.20999999999999996,0.19000000000000017,0.17999999999999972,0.129444,0.08999999999999986,0.08000000000000007,0.07000000000000028,5000,0.15000000000000036
DGS30,-1,0.2100000000000002,0.1900000000000004,0.1800000000000006,0.133561,0.08999999999999986,0.0800000000000005,0.07000000000000028,5000,0.15000000000000036
DGS30,0,0.22502500000000064,0.20000000000000018,0.18500000000000028,0.13614,0.08999999999999986,0.08499999999999996,0.06999999999999984,5000,0.14000000000000057
DGS30,1,0.22499999999999964,0.20000000000000018,0.18999999999999995,0.138305,0.0900000000000003,0.08999999999999986,0.07500000000000018,5000,0.16000000000000014
DGS30,2,0.23002500000000076,0.20500000000000007,0.19499999999999984,0.14249900000000001,0.10000000000000053,0.09499999999999997,0.08000000000000007,5000,0.20000000000000015
DGS30,3,0.2400000000000002,0.20999999999999996,0.20000000000000018,0.14857,0.1050000000000002,0.09987499999999971,0.08000000000000007,5000,0.17999999999999972
DGS30,4,0.25,0.21999999999999975,0.20500000000000007,0.15397500000000003,0.10999999999999988,0.09999999999999964,0.08000000000000007,5000,0.16000000000000014
DGS30,5,0.2549999999999999,0.22999999999999998,0.21999999999999975,0.157259,0.11000000000000032,0.10000000000000053,0.08999999999999986,5000,0.1599999999999997
DGS30,6,0.2599999999999998,0.22999999999999998,0.2150000000000003,0.16237400000000002,0.10999999999999988,0.10000000000000009,0.08999999999999986,5000,0.16999999999999993
DGS30,7,0.2600250000000008,0.2250000000000001,0.21000000000000021,0.160542,0.11000000000000032,0.10000000000000053,0.08999999999999986,5000,0.17500000000000004
DGS30,8,0.2649999999999997,0.23999999999999977,0.2200000000000002,0.163966,0.11000000000000032,0.10487499999999961,0.08999999999999986,5000,0.16000000000000014
DGS30,9,0.27000000000000046,0.24499999999999988,0.22999999999999998,0.16957899999999998,0.11500000000000021,0.10499999999999998,0.08499999999999996,5000,0.1800000000000006
DGS30,10,0.2749999999999999,0.25,0.23999999999999977,0.172198,0.11500000000000021,0.10999999999999943,0.08999999999999986,5000,0.1900000000000004
DGS30,11,0.2849999999999999,0.26,0.2450000000000001,0.176639,0.12000000000000054,0.1100000000000001,0.08999999999999986,5000,0.20000000000000015
DGS30,12,0.29499999999999993,0.2699999999999996,0.25,0.17968999999999996,0.1200000000000001,0.1100000000000001,0.08999999999999986,5000,0.19999999999999973
DGS30,13,0.2999999999999998,0.2699999999999996,0.2549999999999999,0.18073099999999998,0.1200000000000001,0.1100000000000003,0.09499999999999975,5000,0.23000000000000043
DGS30,14,0.30500000000000016,0.27000000000000046,0.2599999999999998,0.183088,0.11500000000000021,0.10499999999999998,0.08500000000000041,5000,0.1900000000000004
DGS30,15,0.32000000000000006,0.28,0.2600000000000007,0.18624599999999997,0.10999999999999988,0.10000000000000009,0.08499999999999996,5000,0.25
DGS5,-15,0,0,0,0,0,0,0,5000,0
DGS5,-14,0.06999999999999962,0.06000000000000005,0.05999999999999983,0.043727999999999996,0.03000000000000025,0.029999999999999805,0.020000000000000462,5000,0.03000000000000025
DGS5,-13,0.10000000000000009,0.08999999999999986,0.08499999999999996,0.06264800000000002,0.040000000000000036,0.040000000000000036,0.03500000000000014,5000,0.04999999999999982
DGS5,-12,0.1200000000000001,0.1100000000000001,0.10000000000000053,0.073613,0.04500000000000037,0.040000000000000036,0.040000000000000036,5000,0.08000000000000007
DGS5,-11,0.1399999999999999,0.12999999999999967,0.1200000000000001,0.08728699999999999,0.05999999999999983,0.054999999999999716,0.04499999999999993,5000,0.06000000000000005
DGS5,-10,0.15000000000000036,0.13999999999999968,0.1299999999999999,0.094388,0.0600000000000005,0.05999999999999983,0.04999999999999982,5000,0.05000000000000026
DGS5,-9,0.16999999999999993,0.15999999999999925,0.14999999999999947,0.10692299999999999,0.07000000000000028,0.0699999999999994,0.06000000000000005,5000,0.08999999999999986
DGS5,-8,0.17999999999999972,0.16999999999999993,0.16000000000000014,0.11789299999999997,0.08000000000000007,0.07500000000000018,0.06500000000000039,5000,0.1200000000000001
DGS5,-7,0.19500000000000006,0.17999999999999972,0.16999999999999993,0.12905999999999998,0.08500000000000019,0.08000000000000007,0.06999999999999984,5000,0.1200000000000001
DGS5,-6,0.20999999999999996,0.18999999999999995,0.18000000000000016,0.1365,0.09499999999999974,0.08499999999999996,0.07499999999999973,5000,0.1299999999999999
DGS5,-5,0.21999999999999975,0.20000000000000018,0.1899999999999995,0.14159600000000003,0.10000000000000009,0.08999999999999986,0.08000000000000007,5000,0.14999999999999947
DGS5,-4,0.22999999999999976,0.20512499999999825,0.19500000000000006,0.149484,0.10000000000000031,0.09000000000000075,0.08000000000000007,5000,0.14999999999999947
DGS5,-3,0.2400000000000002,0.21999999999999975,0.20999999999999996,0.155538,0.10999999999999988,0.10000000000000009,0.08999999999999986,5000,0.16000000000000014
DGS5,-2,0.2550000000000001,0.23499999999999988,0.21999999999999975,0.160597,0.10500000000000043,0.09999999999999964,0.08000000000000007,5000,0.1899999999999995
DGS5,-1,0.2649999999999997,0.24999999999999978,0.23499999999999988,0.16791299999999998,0.10999999999999943,0.09499999999999997,0.0799749999999992,5000,0.16999999999999993
DGS5,0,0.28,0.25000000000000044,0.24,0.172917,0.11000000000000032,0.10000000000000031,0.08999999999999986,5000,0.20999999999999996
DGS5,1,0.28500000000000014,0.2550000000000001,0.2450000000000001,0.179117,0.1200000000000001,0.11000000000000032,0.09499999999999997,5000,0.2400000000000002
DGS5,2,0.2849999999999997,0.2699999999999996,0.2549999999999999,0.18600599999999998,0.125,0.11000000000000032,0.09999999999999987,5000,0.21999999999999975
DGS5,3,0.2999999999999998,0.27000000000000046,0.2599999999999998,0.19131199999999998,0.1299999999999999,0.11999999999999966,0.09000000000000075,5000,0.22499999999999987
DGS5,4,0.31999999999999984,0.2799999999999998,0.26000000000000023,0.195581,0.13000000000000034,0.1200000000000001,0.09999999999999964,5000,0.21499999999999986
DGS5,5,0.31999999999999984,0.2799999999999998,0.2649999999999999,0.193883,0.1349999999999998,0.125,0.10000000000000053,5000,0.2100000000000002
DGS5,6,0.3150250000000007,0.28000000000000025,0.2699999999999996,0.19314699999999999,0.13500000000000023,0.1299999999999999,0.11000000000000032,5000,0.24
DGS5,7,0.3150250000000007,0.28512499999999835,0.27,0.195748,0.1349999999999998,0.1200000000000001,0.10000000000000009,5000,0.2649999999999999
DGS5,8,0.3200000000000003,0.29000000000000004,0.2749999999999999,0.19822800000000002,0.13500000000000023,0.1299999999999999,0.1100000000000001,5000,0.25
DGS5,9,0.3399999999999994,0.29499999999999993,0.28,0.20344700000000002,0.14000000000000012,0.1299999999999999,0.10999999999999988,5000,0.2600000000000007
DGS5,10,0.34999999999999964,0.3099999999999996,0.29000000000000004,0.210065,0.14000000000000012,0.1299999999999999,0.11000000000000032,5000,0.25
DGS5,11,0.3550000000000002,0.3200000000000003,0.2999999999999998,0.21865,0.14500000000000002,0.13000000000000034,0.10999999999999988,5000,0.22000000000000064
DGS5,12,0.3599999999999999,0.33000000000000007,0.3100000000000003,0.225212,0.15000000000000013,0.135,0.11000000000000032,5000,0.2400000000000002
DGS5,13,0.3700000000000001,0.33000000000000007,0.31499999999999995,0.23313099999999998,0.15000000000000036,0.1399999999999999,0.11497500000000001,5000,0.20999999999999996
DGS5,14,0.36999999999999966,0.33499999999999996,0.3199999999999996,0.238758,0.16000000000000014,0.1499999999999999,0.1299999999999999,5000,0.2400000000000002
DGS5,15,0.3749999999999998,0.3400000000000003,0.32499999999999996,0.242779,0.16000000000000014,0.1499999999999999,0.125,5000,0.27000000000000046
