symbol,start_date,end_date,min_yield,max_yield,mean_yield,median_yield,count_na
DFII10,2023-01-03,2025-01-31,1.06,2.52,1.8232053742802303,1.88,0
DFII20,2023-01-03,2025-01-31,1.22,2.55,1.9179270633397312,1.98,0
DFII30,2023-01-03,2025-01-31,1.3,2.61,1.9978502879078694,2.06,0
DFII5,2023-01-03,2025-01-31,1.06,2.59,1.843531669865643,1.85,0
DGS1,2023-01-03,2025-01-31,3.88,5.49,4.8562571976967375,4.94,0
DGS10,2023-01-03,2025-01-31,3.3,4.98,4.105470249520153,4.17,0
DGS20,2023-01-03,2025-01-31,3.65,5.3,4.401497120921305,4.46,0
DGS30,2023-01-03,2025-01-31,3.54,5.11,4.275335892514396,4.34,0
DGS5,2023-01-03,2025-01-31,3.29,4.95,4.105662188099808,4.14,0
