symbol,start_date,end_date,min_yield,max_yield,mean_yield,median_yield,count_na
DFII10,2023-01-03,2025-11-26,1.06,2.52,1.8572038567493112,1.91,0
DFII20,2023-01-03,2025-11-26,1.22,2.58,2.0310743801652893,2.11,0
DFII30,2023-01-03,2025-11-26,1.3,2.75,2.141212121212121,2.19,0
DFII5,2023-01-03,2025-11-26,1.06,2.59,1.7387741046831955,1.74,0
DGS1,2023-01-03,2025-11-26,3.54,5.49,4.593829201101928,4.67,0
DGS10,2023-01-03,2025-11-26,3.3,4.98,4.1536914600550965,4.22,0
DGS20,2023-01-03,2025-11-26,3.65,5.3,4.505633608815427,4.57,0
DGS30,2023-01-03,2025-11-26,3.54,5.11,4.414297520661157,4.48,0
DGS5,2023-01-03,2025-11-26,3.29,4.95,4.045881542699725,4.04,0
